Name,Date,Season,Opponent,Comp %,Passing Yards,TDs,INTs,Rating,Points,Proj Points
Aaron Rodgers,2014-09-04,2014,SEA,69.70,189,1,1,81.5,9.6,0.0
Russell Wilson,2014-09-04,2014,GB,67.86,191,2,0,110.9,15.6,0.0
Alex Smith,2014-09-07,2014,TEN,54.29,202,1,3,45.2,6.1,0.0
Andrew Luck,2014-09-07,2014,DEN,66.04,370,2,2,83.1,18.8,0.0
Andy Dalton,2014-09-07,2014,BAL,65.79,301,1,0,98.7,16.0,0.0
Ben Roethlisberger,2014-09-07,2014,CLE,67.65,365,1,1,100.7,16.6,0.0
Brian Hoyer,2014-09-07,2014,PIT,60.00,222,1,0,94.0,12.9,0.0
Colin Kaepernick,2014-09-07,2014,DAL,69.57,201,2,0,125.5,16.0,0.0
Derek Carr,2014-09-07,2014,NYJ,62.50,151,2,0,94.7,14.0,0.0
Drew Brees,2014-09-07,2014,ATL,69.05,333,1,1,90.7,15.3,0.0
Jay Cutler,2014-09-07,2014,BUF,69.39,349,2,2,86.2,18.0,0.0
Joe Flacco,2014-09-07,2014,CIN,56.45,345,1,1,71.0,15.8,0.0
Josh McCown,2014-09-07,2014,CAR,62.86,183,2,2,71.5,11.3,0.0
Matt Ryan,2014-09-07,2014,NO,72.09,448,3,0,128.8,29.9,0.0
Nick Foles,2014-09-07,2014,JAX,60.00,322,2,1,87.5,18.9,0.0
Ryan Fitzpatrick,2014-09-07,2014,WAS,63.64,206,1,0,109.3,12.2,0.0
Ryan Tannehill,2014-09-07,2014,NE,56.25,178,2,1,79.9,13.1,0.0
Tom Brady,2014-09-07,2014,MIA,51.79,249,1,0,69.7,14.0,0.0
Carson Palmer,2014-09-08,2014,SD,64.86,304,2,0,108.4,20.2,0.0
Eli Manning,2014-09-08,2014,DET,54.55,163,1,2,53.0,6.5,0.0
Matthew Stafford,2014-09-08,2014,NYG,68.75,346,2,0,125.3,21.8,0.0
Philip Rivers,2014-09-08,2014,ARI,58.33,238,1,1,75.9,11.5,0.0
Ben Roethlisberger,2014-09-11,2014,BAL,59.46,217,0,1,64.8,6.7,0.0
Joe Flacco,2014-09-11,2014,PIT,72.41,166,2,0,109.3,14.6,0.0
Aaron Rodgers,2014-09-14,2014,NYJ,59.52,346,3,0,109.8,25.8,0.0
Alex Smith,2014-09-14,2014,DEN,61.90,255,0,0,79.0,10.2,0.0
Andy Dalton,2014-09-14,2014,ATL,65.22,252,1,0,116.6,14.1,0.0
Brian Hoyer,2014-09-14,2014,NO,60.00,204,1,0,81.7,12.2,0.0
Cam Newton,2014-09-14,2014,DET,64.71,281,1,0,100.2,15.2,0.0
Colin Kaepernick,2014-09-14,2014,CHI,61.76,248,1,3,57.0,7.9,0.0
Derek Carr,2014-09-14,2014,HOU,64.29,263,1,2,69.8,10.5,0.0
Drew Brees,2014-09-14,2014,CLE,67.50,237,2,1,89.3,15.5,0.0
Eli Manning,2014-09-14,2014,ARI,66.67,277,2,2,83.0,15.1,0.0
Jay Cutler,2014-09-14,2014,SF,67.65,176,4,0,119.2,23.0,0.0
Josh McCown,2014-09-14,2014,LA,76.19,179,0,1,81.3,5.2,0.0
Kirk Cousins,2014-09-14,2014,JAX,66.67,250,2,0,109.4,18.0,0.0
Matt Ryan,2014-09-14,2014,CIN,54.55,231,1,3,48.6,7.2,0.0
Matthew Stafford,2014-09-14,2014,CAR,56.25,291,1,1,72.5,13.6,0.0
Philip Rivers,2014-09-14,2014,SEA,75.68,284,3,0,124.2,23.4,0.0
Russell Wilson,2014-09-14,2014,SD,68.00,202,2,0,119.1,16.1,0.0
Ryan Fitzpatrick,2014-09-14,2014,OAK,73.68,139,2,0,129.1,13.6,0.0
Ryan Tannehill,2014-09-14,2014,BUF,63.27,241,1,1,73.6,11.6,0.0
Tom Brady,2014-09-14,2014,MIN,66.67,149,1,0,103.1,10.0,0.0
Andrew Luck,2014-09-15,2014,PHI,58.82,172,3,1,89.3,16.9,0.0
Nick Foles,2014-09-15,2014,IND,56.76,331,1,1,84.4,15.2,0.0
Josh McCown,2014-09-18,2014,ATL,41.67,58,0,1,22.2,0.3,0.0
Matt Ryan,2014-09-18,2014,TB,87.50,286,3,0,155.9,23.4,0.0
Aaron Rodgers,2014-09-21,2014,DET,59.26,162,1,0,88.8,10.5,0.0
Alex Smith,2014-09-21,2014,MIA,76.00,186,3,0,136.0,19.4,0.0
Andrew Luck,2014-09-21,2014,JAX,79.49,370,4,0,140.4,30.8,0.0
Andy Dalton,2014-09-21,2014,TEN,65.22,169,0,1,68.9,4.8,0.0
Ben Roethlisberger,2014-09-21,2014,CAR,73.33,196,2,0,112.6,15.8,0.0
Blake Bortles,2014-09-21,2014,IND,58.33,223,2,2,82.5,12.9,0.0
Brian Hoyer,2014-09-21,2014,BAL,76.00,290,1,0,127.1,15.6,0.0
Cam Newton,2014-09-21,2014,PIT,68.57,250,1,0,98.5,14.0,0.0
Colin Kaepernick,2014-09-21,2014,ARI,78.38,245,1,0,103.3,13.8,0.0
Derek Carr,2014-09-21,2014,NE,61.76,174,0,1,62.6,5.0,0.0
Drew Brees,2014-09-21,2014,MIN,77.14,293,2,0,120.3,19.7,0.0
Eli Manning,2014-09-21,2014,HOU,75.00,234,2,0,123.2,17.4,0.0
Joe Flacco,2014-09-21,2014,CLE,61.29,217,1,1,79.6,10.7,0.0
Kirk Cousins,2014-09-21,2014,PHI,62.50,427,3,1,103.4,27.1,0.0
Matthew Stafford,2014-09-21,2014,GB,64.71,246,0,2,61.6,5.8,0.0
Nick Foles,2014-09-21,2014,WAS,65.85,325,3,0,114.4,25.0,0.0
Philip Rivers,2014-09-21,2014,BUF,72.00,256,2,0,131.4,18.2,0.0
Russell Wilson,2014-09-21,2014,DEN,70.59,258,2,1,99.9,16.3,0.0
Ryan Fitzpatrick,2014-09-21,2014,NYG,58.82,289,1,3,59.6,9.6,0.0
Ryan Tannehill,2014-09-21,2014,KC,48.84,205,1,0,70.4,12.2,0.0
Tom Brady,2014-09-21,2014,OAK,64.86,234,1,0,91.5,13.4,0.0
Jay Cutler,2014-09-22,2014,NYJ,60.53,225,2,0,94.7,17.0,0.0
Eli Manning,2014-09-25,2014,WAS,71.79,300,4,1,117.5,26.0,0.0
Kirk Cousins,2014-09-25,2014,NYG,57.58,257,1,4,53.0,6.3,0.0
Aaron Rodgers,2014-09-28,2014,CHI,78.57,302,4,0,151.2,28.1,0.0
Andrew Luck,2014-09-28,2014,TEN,70.73,393,4,1,123.3,29.7,0.0
Ben Roethlisberger,2014-09-28,2014,TB,72.50,314,3,0,120.2,24.6,0.0
Blake Bortles,2014-09-28,2014,SD,78.38,254,1,2,81.8,10.2,0.0
Cam Newton,2014-09-28,2014,BAL,56.00,197,1,0,94.9,11.9,0.0
Colin Kaepernick,2014-09-28,2014,PHI,56.67,218,2,1,87.9,14.7,0.0
Derek Carr,2014-09-28,2014,MIA,64.00,146,1,1,76.4,7.8,0.0
Drew Brees,2014-09-28,2014,DAL,72.73,340,2,1,100.6,19.6,0.0
Jay Cutler,2014-09-28,2014,GB,64.71,256,2,2,82.5,14.2,0.0
Joe Flacco,2014-09-28,2014,CAR,70.97,327,3,0,137.4,25.1,0.0
Matt Ryan,2014-09-28,2014,MIN,60.98,298,3,2,87.2,19.9,0.0
Matthew Stafford,2014-09-28,2014,NYJ,70.59,293,2,0,116.4,19.7,0.0
Nick Foles,2014-09-28,2014,SF,48.84,195,0,2,42.3,3.8,0.0
Philip Rivers,2014-09-28,2014,JAX,74.36,377,3,0,130.0,27.1,0.0
Ryan Fitzpatrick,2014-09-28,2014,BUF,67.57,268,1,2,75.1,10.7,0.0
Ryan Tannehill,2014-09-28,2014,OAK,74.19,278,2,1,109.3,17.1,0.0
Alex Smith,2014-09-29,2014,NE,76.92,248,3,0,144.4,21.9,0.0
Tom Brady,2014-09-29,2014,KC,60.87,159,1,2,59.9,6.4,0.0
Aaron Rodgers,2014-10-02,2014,MIN,70.59,156,3,0,138.7,18.2,0.0
Alex Smith,2014-10-05,2014,SF,53.33,158,1,1,65.7,8.3,0.0
Andrew Luck,2014-10-05,2014,BAL,65.31,312,1,2,72.8,12.5,0.0
Andy Dalton,2014-10-05,2014,NE,62.50,204,2,0,117.4,16.2,0.0
Ben Roethlisberger,2014-10-05,2014,JAX,72.22,273,1,0,103.1,14.9,0.0
Blake Bortles,2014-10-05,2014,PIT,61.11,191,0,2,52.0,3.6,0.0
Brian Hoyer,2014-10-05,2014,TEN,56.76,291,3,1,97.9,21.6,0.0
Cam Newton,2014-10-05,2014,CHI,54.29,255,2,1,84.8,16.2,0.0
Colin Kaepernick,2014-10-05,2014,KC,53.85,201,1,0,92.0,12.0,0.0
Drew Brees,2014-10-05,2014,TB,61.40,371,2,3,70.1,16.8,0.0
Eli Manning,2014-10-05,2014,ATL,63.33,200,2,0,104.9,16.0,0.0
Jay Cutler,2014-10-05,2014,CAR,77.78,289,2,2,95.5,15.6,0.0
Joe Flacco,2014-10-05,2014,IND,57.89,235,0,1,65.1,7.4,0.0
Matt Ryan,2014-10-05,2014,NYG,64.44,316,1,1,83.2,14.6,0.0
Matthew Stafford,2014-10-05,2014,BUF,58.06,231,1,1,78.8,11.2,0.0
Nick Foles,2014-10-05,2014,LA,64.86,207,2,1,86.2,14.3,0.0
Philip Rivers,2014-10-05,2014,NYJ,71.43,288,3,1,125.3,21.5,0.0
Ryan Fitzpatrick,2014-10-05,2014,DAL,64.00,154,0,1,64.4,4.2,0.0
Tom Brady,2014-10-05,2014,CIN,65.71,292,2,0,110.7,19.7,0.0
Kirk Cousins,2014-10-06,2014,SEA,58.33,283,2,0,102.0,19.3,0.0
Russell Wilson,2014-10-06,2014,WAS,75.00,201,2,0,127.3,16.0,0.0
Andrew Luck,2014-10-09,2014,HOU,56.82,370,3,1,97.7,24.8,0.0
Ryan Fitzpatrick,2014-10-09,2014,IND,65.22,212,1,0,109.3,12.5,0.0
Aaron Rodgers,2014-10-12,2014,MIA,57.14,264,3,0,99.7,22.6,0.0
Andy Dalton,2014-10-12,2014,CAR,76.74,323,2,2,93.5,16.9,0.0
Ben Roethlisberger,2014-10-12,2014,CLE,50.00,228,1,1,64.4,11.1,0.0
Blake Bortles,2014-10-12,2014,TEN,69.57,336,1,1,88.7,15.4,0.0
Brian Hoyer,2014-10-12,2014,PIT,47.06,217,1,0,113.0,12.7,0.0
Cam Newton,2014-10-12,2014,CIN,63.04,284,2,1,85.8,17.4,0.0
Carson Palmer,2014-10-12,2014,WAS,63.64,250,2,0,93.9,18.0,0.0
Derek Carr,2014-10-12,2014,SD,52.94,282,4,1,107.7,25.3,0.0
Eli Manning,2014-10-12,2014,PHI,56.52,151,0,0,76.5,6.0,0.0
Jay Cutler,2014-10-12,2014,ATL,68.42,381,1,0,109.6,19.2,0.0
Joe Flacco,2014-10-12,2014,TB,75.00,306,5,0,149.7,32.2,0.0
Kirk Cousins,2014-10-12,2014,ARI,63.16,354,2,3,78.2,16.2,0.0
Matt Ryan,2014-10-12,2014,CHI,51.35,271,1,1,73.1,12.8,0.0
Matthew Stafford,2014-10-12,2014,MIN,57.58,185,1,0,83.5,11.4,0.0
Nick Foles,2014-10-12,2014,NYG,61.76,248,2,2,79.0,13.9,0.0
Philip Rivers,2014-10-12,2014,OAK,64.71,313,3,0,123.8,24.5,0.0
Russell Wilson,2014-10-12,2014,DAL,50.00,126,0,1,47.6,3.0,0.0
Ryan Tannehill,2014-10-12,2014,GB,64.52,244,2,2,83.3,13.8,0.0
Tom Brady,2014-10-12,2014,BUF,72.97,361,4,0,139.6,30.4,0.0
Colin Kaepernick,2014-10-13,2014,LA,62.86,343,3,0,123.9,25.7,0.0
Tom Brady,2014-10-16,2014,NYJ,54.05,261,3,0,103.5,22.4,0.0
Aaron Rodgers,2014-10-19,2014,CAR,86.36,255,3,0,154.5,22.2,0.0
Alex Smith,2014-10-19,2014,SD,67.86,221,1,0,103.4,12.8,0.0
Andrew Luck,2014-10-19,2014,CIN,64.29,344,2,0,105.7,21.8,0.0
Andy Dalton,2014-10-19,2014,IND,47.37,126,0,0,55.4,5.0,0.0
Blake Bortles,2014-10-19,2014,CLE,54.84,159,1,3,40.3,4.4,0.0
Brian Hoyer,2014-10-19,2014,JAX,39.02,215,0,1,46.3,6.6,0.0
Cam Newton,2014-10-19,2014,GB,54.84,205,1,1,72.6,10.2,0.0
Carson Palmer,2014-10-19,2014,OAK,70.97,253,2,1,103.3,16.1,0.0
Colin Kaepernick,2014-10-19,2014,DEN,61.54,263,1,1,79.3,12.5,0.0
Derek Carr,2014-10-19,2014,ARI,57.14,173,0,0,75.4,6.9,0.0
Drew Brees,2014-10-19,2014,DET,62.22,342,2,1,91.2,19.7,0.0
Eli Manning,2014-10-19,2014,DAL,63.64,248,3,0,116.7,21.9,0.0
Jay Cutler,2014-10-19,2014,MIA,61.76,190,1,1,74.4,9.6,0.0
Joe Flacco,2014-10-19,2014,ATL,64.00,258,2,2,91.7,14.3,0.0
Kirk Cousins,2014-10-19,2014,TEN,62.50,139,0,1,64.3,3.6,0.0
Matt Ryan,2014-10-19,2014,BAL,65.91,228,1,0,86.2,13.1,0.0
Matthew Stafford,2014-10-19,2014,NO,67.50,299,2,2,85.3,16.0,0.0
Philip Rivers,2014-10-19,2014,KC,54.84,205,2,1,83.4,14.2,0.0
Russell Wilson,2014-10-19,2014,LA,63.89,313,2,0,110.1,20.5,0.0
Ryan Tannehill,2014-10-19,2014,CHI,78.13,277,2,0,123.6,19.1,0.0
Ben Roethlisberger,2014-10-20,2014,HOU,69.70,265,2,0,113.8,18.6,0.0
Ryan Fitzpatrick,2014-10-20,2014,PIT,65.63,262,2,1,98.7,16.5,0.0
Philip Rivers,2014-10-23,2014,DEN,73.17,252,3,2,92.7,18.1,0.0
Aaron Rodgers,2014-10-26,2014,NO,71.79,418,1,2,93.7,16.7,0.0
Alex Smith,2014-10-26,2014,LA,86.21,223,0,0,98.7,8.9,0.0
Andrew Luck,2014-10-26,2014,PIT,57.78,400,3,2,91.0,24.0,0.0
Andy Dalton,2014-10-26,2014,BAL,75.00,266,0,1,89.3,8.6,0.0
Ben Roethlisberger,2014-10-26,2014,IND,81.63,522,6,0,150.6,44.9,0.0
Blake Bortles,2014-10-26,2014,MIA,52.94,221,1,2,58.6,8.8,0.0
Brian Hoyer,2014-10-26,2014,OAK,67.86,275,1,0,111.5,15.0,0.0
Cam Newton,2014-10-26,2014,SEA,54.55,171,0,1,61.0,4.8,0.0
Carson Palmer,2014-10-26,2014,PHI,47.62,329,2,0,90.3,21.2,0.0
Derek Carr,2014-10-26,2014,CLE,62.96,328,1,0,86.0,17.1,0.0
Drew Brees,2014-10-26,2014,GB,84.38,311,3,0,138.4,24.4,0.0
Jay Cutler,2014-10-26,2014,NE,66.67,227,3,1,108.6,19.1,0.0
Joe Flacco,2014-10-26,2014,CIN,50.00,195,0,2,43.1,3.8,0.0
Matt Ryan,2014-10-26,2014,DET,74.07,228,2,1,108.3,15.1,0.0
Matthew Stafford,2014-10-26,2014,ATL,51.06,325,2,1,78.8,19.0,0.0
Nick Foles,2014-10-26,2014,ARI,58.06,411,2,2,75.4,20.4,0.0
Russell Wilson,2014-10-26,2014,CAR,62.50,199,1,1,77.5,10.0,0.0
Ryan Fitzpatrick,2014-10-26,2014,TEN,54.29,227,1,0,83.9,13.1,0.0
Ryan Tannehill,2014-10-26,2014,JAX,55.17,196,1,1,73.3,9.8,0.0
Tom Brady,2014-10-26,2014,CHI,85.71,354,5,0,148.4,34.2,0.0
Cam Newton,2014-10-30,2014,NO,35.71,151,0,1,39.4,4.0,0.0
Drew Brees,2014-10-30,2014,CAR,70.59,297,1,1,94.9,13.9,0.0
Alex Smith,2014-11-02,2014,NYJ,67.74,199,2,0,106.8,16.0,0.0
Andy Dalton,2014-11-02,2014,JAX,61.29,233,2,2,79.1,13.3,0.0
Ben Roethlisberger,2014-11-02,2014,BAL,67.57,340,6,0,136.3,37.6,0.0
Blake Bortles,2014-11-02,2014,CIN,66.67,247,2,1,96.4,15.9,0.0
Brian Hoyer,2014-11-02,2014,TB,61.76,300,2,2,85.4,16.0,0.0
Carson Palmer,2014-11-02,2014,DAL,64.71,249,3,1,103.7,20.0,0.0
Colin Kaepernick,2014-11-02,2014,LA,66.67,237,1,0,97.7,13.5,0.0
Derek Carr,2014-11-02,2014,SEA,58.54,194,2,2,66.5,11.8,0.0
Joe Flacco,2014-11-02,2014,PIT,66.67,303,2,1,91.2,18.1,0.0
Nick Foles,2014-11-02,2014,HOU,75.00,124,1,1,100.7,7.0,0.0
Philip Rivers,2014-11-02,2014,MIA,52.17,138,0,3,31.0,-0.5,0.0
Russell Wilson,2014-11-02,2014,OAK,48.57,179,0,0,63.9,7.2,0.0
Ryan Fitzpatrick,2014-11-02,2014,PHI,48.15,203,2,1,82.8,14.1,0.0
Ryan Tannehill,2014-11-02,2014,SD,70.59,288,3,0,125.6,23.5,0.0
Tom Brady,2014-11-02,2014,DEN,62.26,333,4,1,97.4,27.3,0.0
Andrew Luck,2014-11-03,2014,NYG,54.35,354,4,0,108.4,30.2,0.0
Eli Manning,2014-11-03,2014,IND,51.92,359,2,0,86.9,22.4,0.0
Andy Dalton,2014-11-06,2014,CLE,30.30,86,0,3,2.0,-2.6,0.0
Brian Hoyer,2014-11-06,2014,CIN,65.22,198,0,0,92.3,7.9,0.0
Aaron Rodgers,2014-11-09,2014,CHI,66.67,315,6,0,145.8,36.6,0.0
Alex Smith,2014-11-09,2014,BUF,58.62,177,0,0,76.4,7.1,0.0
Ben Roethlisberger,2014-11-09,2014,NYJ,69.77,343,1,2,81.8,13.7,0.0
Blake Bortles,2014-11-09,2014,DAL,59.46,290,0,1,73.0,9.6,0.0
Carson Palmer,2014-11-09,2014,LA,69.44,241,0,1,76.3,7.6,0.0
Colin Kaepernick,2014-11-09,2014,NO,43.75,210,1,0,76.3,12.4,0.0
Derek Carr,2014-11-09,2014,DEN,63.83,192,2,2,68.8,11.7,0.0
Drew Brees,2014-11-09,2014,SF,59.57,292,3,2,81.2,19.7,0.0
Eli Manning,2014-11-09,2014,SEA,65.91,283,1,1,81.9,13.3,0.0
Jay Cutler,2014-11-09,2014,GB,59.46,272,1,2,68.7,10.9,0.0
Joe Flacco,2014-11-09,2014,TEN,59.26,169,1,0,89.9,10.8,0.0
Josh McCown,2014-11-09,2014,ATL,62.79,301,2,2,79.7,16.0,0.0
Matt Ryan,2014-11-09,2014,TB,64.52,219,1,0,96.0,12.8,0.0
Matthew Stafford,2014-11-09,2014,MIA,62.50,280,2,1,89.6,17.2,0.0
Russell Wilson,2014-11-09,2014,NYG,58.82,172,0,2,53.7,2.9,0.0
Ryan Tannehill,2014-11-09,2014,DET,71.05,207,1,1,81.8,10.3,0.0
Cam Newton,2014-11-10,2014,PHI,62.50,306,2,3,71.5,14.2,0.0
Ryan Tannehill,2014-11-13,2014,BUF,76.47,240,2,0,114.8,17.6,0.0
Aaron Rodgers,2014-11-16,2014,PHI,61.11,341,3,0,120.3,25.6,0.0
Alex Smith,2014-11-16,2014,SEA,68.75,108,0,0,87.5,4.3,0.0
Andrew Luck,2014-11-16,2014,NE,58.97,303,2,1,90.0,18.1,0.0
Andy Dalton,2014-11-16,2014,NO,72.73,220,3,0,143.9,20.8,0.0
Brian Hoyer,2014-11-16,2014,HOU,40.00,330,1,1,61.2,15.2,0.0
Cam Newton,2014-11-16,2014,ATL,62.16,292,2,2,82.3,15.7,0.0
Colin Kaepernick,2014-11-16,2014,NYG,51.72,193,1,0,84.4,11.7,0.0
Derek Carr,2014-11-16,2014,SD,47.06,172,0,0,62.4,6.9,0.0
Drew Brees,2014-11-16,2014,CIN,80.49,255,1,0,100.7,14.2,0.0
Eli Manning,2014-11-16,2014,SF,48.89,280,1,5,36.6,5.2,0.0
Jay Cutler,2014-11-16,2014,MIN,72.09,330,3,2,98.0,21.2,0.0
Josh McCown,2014-11-16,2014,WAS,65.22,288,2,0,137.5,19.5,0.0
Matt Ryan,2014-11-16,2014,CAR,68.89,268,1,0,91.7,14.7,0.0
Matthew Stafford,2014-11-16,2014,ARI,60.00,183,0,1,63.6,5.3,0.0
Philip Rivers,2014-11-16,2014,OAK,64.71,193,1,0,89.5,11.7,0.0
Russell Wilson,2014-11-16,2014,KC,62.50,178,2,0,98.2,15.1,0.0
Tom Brady,2014-11-16,2014,IND,63.33,257,2,2,85.0,14.3,0.0
Ben Roethlisberger,2014-11-17,2014,TEN,65.63,207,1,1,81.1,10.3,0.0
Alex Smith,2014-11-20,2014,OAK,55.56,234,2,0,94.0,17.4,0.0
Derek Carr,2014-11-20,2014,KC,51.43,174,1,0,75.2,11.0,0.0
Aaron Rodgers,2014-11-23,2014,MIN,65.52,209,2,0,109.7,16.4,0.0
Andrew Luck,2014-11-23,2014,JAX,65.63,253,1,0,100.1,14.1,0.0
Andy Dalton,2014-11-23,2014,HOU,68.57,233,1,1,84.6,11.3,0.0
Blake Bortles,2014-11-23,2014,IND,55.56,146,0,1,55.5,3.8,0.0
Brian Hoyer,2014-11-23,2014,ATL,57.50,322,0,3,52.3,6.9,0.0
Colin Kaepernick,2014-11-23,2014,WAS,68.97,256,1,1,93.5,12.2,0.0
Eli Manning,2014-11-23,2014,DAL,72.50,338,3,1,112.3,23.5,0.0
Jay Cutler,2014-11-23,2014,TB,62.96,130,1,0,87.0,9.2,0.0
Josh McCown,2014-11-23,2014,CHI,52.08,341,1,2,64.7,13.6,0.0
Matt Ryan,2014-11-23,2014,CLE,62.79,273,2,1,86.7,16.9,0.0
Matthew Stafford,2014-11-23,2014,NE,39.13,264,0,1,49.5,8.6,0.0
Philip Rivers,2014-11-23,2014,LA,82.86,291,1,1,98.9,13.6,0.0
Russell Wilson,2014-11-23,2014,ARI,77.27,211,1,0,121.6,12.4,0.0
Ryan Tannehill,2014-11-23,2014,DEN,72.22,228,3,1,104.9,19.1,0.0
Tom Brady,2014-11-23,2014,DET,71.70,349,2,1,94.0,20.0,0.0
Drew Brees,2014-11-24,2014,BAL,77.78,420,3,1,118.5,26.8,0.0
Joe Flacco,2014-11-24,2014,NO,75.00,243,1,0,120.7,13.7,0.0
Colin Kaepernick,2014-11-27,2014,SEA,55.17,121,0,2,36.7,0.8,0.0
Jay Cutler,2014-11-27,2014,DET,64.58,280,2,2,76.7,15.2,0.0
Matthew Stafford,2014-11-27,2014,CHI,75.56,390,2,0,116.0,23.6,0.0
Russell Wilson,2014-11-27,2014,SF,68.18,236,1,0,118.7,13.4,0.0
Aaron Rodgers,2014-11-30,2014,NE,63.16,368,2,0,112.6,22.7,0.0
Alex Smith,2014-11-30,2014,DEN,65.22,153,2,1,95.0,12.1,0.0
Andrew Luck,2014-11-30,2014,WAS,70.37,370,5,1,137.0,32.8,0.0
Andy Dalton,2014-11-30,2014,TB,70.37,176,1,3,60.6,5.0,0.0
Ben Roethlisberger,2014-11-30,2014,NO,55.17,435,2,2,76.4,21.4,0.0
Blake Bortles,2014-11-30,2014,NYG,60.00,194,1,0,84.7,11.8,0.0
Brian Hoyer,2014-11-30,2014,BUF,60.00,192,0,2,51.0,3.7,0.0
Cam Newton,2014-11-30,2014,MIN,51.43,194,1,1,65.7,9.8,0.0
Derek Carr,2014-11-30,2014,LA,61.54,173,0,2,50.5,2.9,0.0
Drew Brees,2014-11-30,2014,PIT,70.37,257,5,0,140.0,30.3,0.0
Eli Manning,2014-11-30,2014,JAX,70.59,247,1,0,101.0,13.9,0.0
Joe Flacco,2014-11-30,2014,SD,61.29,225,2,0,104.9,17.0,0.0
Josh McCown,2014-11-30,2014,CIN,51.72,190,0,1,58.1,5.6,0.0
Matt Ryan,2014-11-30,2014,ARI,73.17,361,2,1,105.8,20.4,0.0
Philip Rivers,2014-11-30,2014,BAL,75.56,383,3,1,113.5,25.3,0.0
Ryan Fitzpatrick,2014-11-30,2014,TEN,72.73,358,6,0,147.5,38.3,0.0
Tom Brady,2014-11-30,2014,GB,62.86,245,2,0,102.7,17.8,0.0
Ryan Tannehill,2014-12-01,2014,NYJ,71.43,235,0,1,77.7,7.4,0.0
Jay Cutler,2014-12-04,2014,DAL,69.57,341,2,1,96.4,19.6,0.0
Alex Smith,2014-12-07,2014,ARI,66.67,293,1,1,86.8,13.7,0.0
Andrew Luck,2014-12-07,2014,CLE,45.28,294,2,2,59.8,15.8,0.0
Andy Dalton,2014-12-07,2014,PIT,72.41,302,2,0,128.8,20.1,0.0
Ben Roethlisberger,2014-12-07,2014,CIN,64.10,350,3,0,118.5,26.0,0.0
Blake Bortles,2014-12-07,2014,HOU,51.28,205,1,1,64.6,10.2,0.0
Brian Hoyer,2014-12-07,2014,IND,43.33,136,0,2,29.3,1.4,0.0
Cam Newton,2014-12-07,2014,NO,63.64,226,3,0,114.0,21.0,0.0
Colin Kaepernick,2014-12-07,2014,OAK,54.55,174,1,2,54.4,7.0,0.0
Derek Carr,2014-12-07,2014,SF,78.57,254,3,0,140.2,22.2,0.0
Drew Brees,2014-12-07,2014,CAR,59.18,235,1,1,69.7,11.4,0.0
Eli Manning,2014-12-07,2014,TEN,61.90,260,1,1,77.5,12.4,0.0
Joe Flacco,2014-12-07,2014,MIA,75.76,269,2,1,106.8,16.8,0.0
Josh McCown,2014-12-07,2014,DET,51.28,250,2,2,67.3,14.0,0.0
Matthew Stafford,2014-12-07,2014,TB,76.47,311,3,0,133.3,24.4,0.0
Philip Rivers,2014-12-07,2014,NE,60.61,189,1,1,73.9,9.6,0.0
Russell Wilson,2014-12-07,2014,PHI,59.46,263,2,0,99.3,18.5,0.0
Ryan Fitzpatrick,2014-12-07,2014,JAX,68.42,135,0,0,88.7,5.4,0.0
Ryan Tannehill,2014-12-07,2014,BAL,69.70,227,1,0,98.9,13.1,0.0
Tom Brady,2014-12-07,2014,SD,63.64,317,2,1,90.8,18.7,0.0
Aaron Rodgers,2014-12-08,2014,ATL,66.67,327,3,0,123.3,25.1,0.0
Matt Ryan,2014-12-08,2014,GB,61.54,375,4,1,116.9,29.0,0.0
Aaron Rodgers,2014-12-14,2014,BUF,40.48,185,0,2,34.3,3.4,0.0
Alex Smith,2014-12-14,2014,OAK,60.00,297,2,0,115.6,19.9,0.0
Andrew Luck,2014-12-14,2014,HOU,52.94,187,2,1,76.5,13.5,0.0
Andy Dalton,2014-12-14,2014,CLE,58.33,117,0,1,53.6,2.7,0.0
Ben Roethlisberger,2014-12-14,2014,ATL,77.14,360,0,0,109.2,14.4,0.0
Blake Bortles,2014-12-14,2014,BAL,56.76,210,0,1,61.8,6.4,0.0
Colin Kaepernick,2014-12-14,2014,SEA,57.89,141,0,0,81.2,5.6,0.0
Derek Carr,2014-12-14,2014,KC,48.21,222,1,0,64.7,12.9,0.0
Eli Manning,2014-12-14,2014,WAS,67.65,250,3,0,118.5,22.0,0.0
Joe Flacco,2014-12-14,2014,JAX,66.67,221,1,0,99.4,12.8,0.0
Josh McCown,2014-12-14,2014,CAR,46.43,154,1,1,60.7,8.2,0.0
Matt Ryan,2014-12-14,2014,PIT,70.27,310,2,1,102.3,18.4,0.0
Matthew Stafford,2014-12-14,2014,MIN,60.71,153,1,0,87.4,10.1,0.0
Philip Rivers,2014-12-14,2014,DEN,58.54,232,1,2,62.2,9.3,0.0
Russell Wilson,2014-12-14,2014,SF,50.00,168,1,1,69.4,8.7,0.0
Ryan Fitzpatrick,2014-12-14,2014,IND,50.00,30,0,0,64.6,1.2,0.0
Ryan Tannehill,2014-12-14,2014,NE,61.70,346,1,2,73.5,13.8,0.0
Tom Brady,2014-12-14,2014,MIA,60.00,287,2,1,93.4,17.5,0.0
Drew Brees,2014-12-15,2014,CHI,80.56,375,3,0,137.8,27.0,0.0
Jay Cutler,2014-12-15,2014,NO,54.84,194,2,3,55.8,9.8,0.0
Blake Bortles,2014-12-18,2014,TEN,50.00,115,1,0,75.0,8.6,0.0
Colin Kaepernick,2014-12-20,2014,SD,62.50,114,1,0,87.8,8.6,0.0
Philip Rivers,2014-12-20,2014,SF,61.11,356,4,3,82.0,24.2,0.0
Aaron Rodgers,2014-12-21,2014,TB,77.50,318,1,0,108.1,16.7,0.0
Alex Smith,2014-12-21,2014,PIT,68.89,311,0,0,88.3,12.4,0.0
Andrew Luck,2014-12-21,2014,DAL,68.18,109,0,2,41.7,0.4,0.0
Ben Roethlisberger,2014-12-21,2014,KC,72.00,220,1,0,112.1,12.8,0.0
Brian Hoyer,2014-12-21,2014,CAR,53.85,134,1,1,83.5,7.4,0.0
Cam Newton,2014-12-21,2014,CLE,58.06,201,1,1,74.8,10.0,0.0
Case Keenum,2014-12-21,2014,BAL,47.62,185,0,1,50.2,5.4,0.0
Derek Carr,2014-12-21,2014,BUF,50.00,214,2,0,89.6,16.6,0.0
Drew Brees,2014-12-21,2014,ATL,63.83,313,1,2,72.4,12.5,0.0
Eli Manning,2014-12-21,2014,LA,78.13,391,3,0,148.8,27.6,0.0
Joe Flacco,2014-12-21,2014,HOU,42.00,195,2,3,41.7,9.8,0.0
Josh McCown,2014-12-21,2014,GB,46.15,147,0,1,48.1,3.9,0.0
Matt Ryan,2014-12-21,2014,NO,75.00,322,1,0,106.5,16.9,0.0
Matthew Stafford,2014-12-21,2014,CHI,56.41,243,0,2,53.7,5.7,0.0
Russell Wilson,2014-12-21,2014,ARI,64.52,339,2,0,122.9,21.6,0.0
Ryan Tannehill,2014-12-21,2014,MIN,74.47,396,4,1,118.7,29.8,0.0
Tom Brady,2014-12-21,2014,NYJ,65.71,182,1,1,76.1,9.3,0.0
Andy Dalton,2014-12-22,2014,DEN,68.00,146,2,1,93.1,11.8,0.0
Aaron Rodgers,2014-12-28,2014,DET,77.27,226,2,0,139.6,17.0,0.0
Andrew Luck,2014-12-28,2014,TEN,62.50,160,2,0,135.4,14.4,0.0
Andy Dalton,2014-12-28,2014,PIT,71.05,244,2,2,83.7,13.8,0.0
Ben Roethlisberger,2014-12-28,2014,CIN,63.16,317,2,1,96.1,18.7,0.0
Blake Bortles,2014-12-28,2014,HOU,42.42,117,0,0,52.2,4.7,0.0
Cam Newton,2014-12-28,2014,ATL,62.50,114,1,0,104.7,8.6,0.0
Case Keenum,2014-12-28,2014,JAX,71.43,250,2,1,98.5,16.0,0.0
Colin Kaepernick,2014-12-28,2014,ARI,57.69,204,2,0,108.5,16.2,0.0
Derek Carr,2014-12-28,2014,DEN,50.00,158,1,1,59.7,8.3,0.0
Drew Brees,2014-12-28,2014,TB,63.16,281,1,3,61.4,9.2,0.0
Eli Manning,2014-12-28,2014,PHI,52.83,429,1,1,78.3,19.2,0.0
Jay Cutler,2014-12-28,2014,MIN,63.89,172,0,0,75.2,6.9,0.0
Joe Flacco,2014-12-28,2014,CLE,61.11,312,2,0,107.6,20.5,0.0
Josh McCown,2014-12-28,2014,NO,60.87,115,1,1,70.0,6.6,0.0
Matt Ryan,2014-12-28,2014,CAR,61.70,260,0,2,58.8,6.4,0.0
Matthew Stafford,2014-12-28,2014,GB,48.78,217,3,0,89.2,20.7,0.0
Philip Rivers,2014-12-28,2014,KC,58.82,291,0,2,62.3,7.6,0.0
Russell Wilson,2014-12-28,2014,LA,68.00,239,0,1,81.9,7.6,0.0
Ryan Tannehill,2014-12-28,2014,NYJ,58.97,259,1,0,87.4,14.4,0.0
Tom Brady,2014-12-28,2014,BUF,50.00,80,0,0,64.6,3.2,0.0
Ben Roethlisberger,2015-09-10,2015,NE,68.42,351,1,1,95.4,16.0,0.0
Tom Brady,2015-09-10,2015,PIT,78.13,288,4,0,143.7,27.5,0.0
Aaron Rodgers,2015-09-13,2015,CHI,78.26,189,3,0,140.5,19.6,0.0
Alex Smith,2015-09-13,2015,HOU,66.67,243,3,0,118.6,21.7,0.0
Andrew Luck,2015-09-13,2015,BUF,53.06,243,2,2,63.6,13.7,0.0
Andy Dalton,2015-09-13,2015,OAK,73.53,269,2,0,115.9,18.8,0.0
Blake Bortles,2015-09-13,2015,CAR,55.00,183,1,2,54.5,7.3,0.0
Brian Hoyer,2015-09-13,2015,KC,52.94,236,1,1,72.7,11.4,0.0
Cam Newton,2015-09-13,2015,JAX,58.06,175,1,1,71.3,9.0,0.0
Carson Palmer,2015-09-13,2015,NO,59.38,307,3,0,122.8,24.3,0.0
Derek Carr,2015-09-13,2015,CIN,58.33,61,0,0,71.9,2.4,0.0
Drew Brees,2015-09-13,2015,ARI,62.50,355,1,1,83.2,16.2,0.0
Eli Manning,2015-09-13,2015,DAL,55.56,193,0,0,70.7,7.7,0.0
Jameis Winston,2015-09-13,2015,TEN,48.48,210,2,2,64.0,12.4,0.0
Jay Cutler,2015-09-13,2015,GB,50.00,225,1,1,67.5,11.0,0.0
Joe Flacco,2015-09-13,2015,DEN,56.25,117,0,2,38.2,0.7,0.0
Josh McCown,2015-09-13,2015,NYJ,62.50,49,0,0,79.7,2.0,0.0
Kirk Cousins,2015-09-13,2015,MIA,67.74,196,1,2,68.7,7.8,0.0
Marcus Mariota,2015-09-13,2015,TB,86.67,209,4,0,158.3,24.4,0.0
Matthew Stafford,2015-09-13,2015,SD,63.33,246,2,2,83.5,13.8,0.0
Nick Foles,2015-09-13,2015,SEA,66.67,297,1,0,115.8,15.9,0.0
Philip Rivers,2015-09-13,2015,DET,82.93,403,2,2,103.6,20.1,0.0
Russell Wilson,2015-09-13,2015,LA,78.05,251,1,1,90.1,12.0,0.0
Ryan Fitzpatrick,2015-09-13,2015,CLE,62.50,179,2,1,95.7,13.2,0.0
Ryan Tannehill,2015-09-13,2015,WAS,64.71,226,1,0,93.5,13.0,0.0
Tyrod Taylor,2015-09-13,2015,IND,73.68,195,1,0,123.8,11.8,0.0
Colin Kaepernick,2015-09-14,2015,MIN,65.38,165,0,0,83.0,6.6,0.0
Matt Ryan,2015-09-14,2015,PHI,67.65,298,2,2,90.1,15.9,0.0
Sam Bradford,2015-09-14,2015,ATL,69.23,336,1,2,77.1,13.4,0.0
Alex Smith,2015-09-17,2015,DEN,64.00,191,0,2,53.9,3.6,0.0
Aaron Rodgers,2015-09-20,2015,SEA,75.76,249,2,0,116.9,18.0,0.0
Andy Dalton,2015-09-20,2015,SD,61.54,214,3,0,126.1,20.6,0.0
Ben Roethlisberger,2015-09-20,2015,SF,77.78,369,3,0,155.8,26.8,0.0
Blake Bortles,2015-09-20,2015,MIA,54.55,273,2,0,102.2,18.9,0.0
Cam Newton,2015-09-20,2015,HOU,48.65,195,2,1,71.3,13.8,0.0
Carson Palmer,2015-09-20,2015,CHI,70.83,185,4,1,115.5,21.4,0.0
Colin Kaepernick,2015-09-20,2015,PIT,71.74,335,2,0,106.7,21.4,0.0
Derek Carr,2015-09-20,2015,BAL,65.22,351,3,1,100.9,24.0,0.0
Drew Brees,2015-09-20,2015,TB,63.16,255,1,1,80.5,12.2,0.0
Eli Manning,2015-09-20,2015,ATL,67.50,292,2,0,105.4,19.7,0.0
Jameis Winston,2015-09-20,2015,NO,66.67,207,1,0,114.6,12.3,0.0
Jay Cutler,2015-09-20,2015,ARI,88.89,120,1,1,116.2,6.8,0.0
Joe Flacco,2015-09-20,2015,OAK,71.11,384,2,1,102.5,21.4,0.0
Kirk Cousins,2015-09-20,2015,LA,85.19,203,1,0,110.3,12.1,0.0
Marcus Mariota,2015-09-20,2015,CLE,56.76,257,2,0,96.3,18.3,0.0
Matt Ryan,2015-09-20,2015,NYG,65.22,363,1,0,96.6,18.5,0.0
Matthew Stafford,2015-09-20,2015,MIN,60.38,286,2,1,79.6,17.4,0.0
Nick Foles,2015-09-20,2015,WAS,53.13,150,1,0,76.3,10.0,0.0
Philip Rivers,2015-09-20,2015,CIN,77.78,241,2,1,113.1,15.6,0.0
Russell Wilson,2015-09-20,2015,GB,63.33,206,2,1,91.8,14.2,0.0
Ryan Tannehill,2015-09-20,2015,JAX,68.18,359,2,0,108.0,22.4,0.0
Sam Bradford,2015-09-20,2015,DAL,62.16,224,1,2,65.6,9.0,0.0
Tom Brady,2015-09-20,2015,BUF,64.41,466,3,0,105.6,30.6,0.0
Tyrod Taylor,2015-09-20,2015,NE,76.67,242,3,3,93.3,15.7,0.0
Andrew Luck,2015-09-21,2015,NYJ,56.76,250,1,3,52.8,8.0,0.0
Ryan Fitzpatrick,2015-09-21,2015,IND,64.71,244,2,1,93.3,15.8,0.0
Eli Manning,2015-09-24,2015,WAS,71.88,279,2,0,119.1,19.2,0.0
Kirk Cousins,2015-09-24,2015,NYG,61.22,316,1,2,69.8,12.6,0.0
Andrew Luck,2015-09-27,2015,TEN,60.00,260,2,2,82.6,14.4,0.0
Andy Dalton,2015-09-27,2015,BAL,62.50,383,3,1,122.3,25.3,0.0
Ben Roethlisberger,2015-09-27,2015,LA,83.33,192,0,1,82.6,5.7,0.0
Blake Bortles,2015-09-27,2015,NE,51.52,242,2,1,83.1,15.7,0.0
Cam Newton,2015-09-27,2015,NO,64.52,315,2,0,119.7,20.6,0.0
Carson Palmer,2015-09-27,2015,SF,62.50,311,2,1,102.5,18.4,0.0
Colin Kaepernick,2015-09-27,2015,ARI,47.37,67,0,4,16.7,-5.3,0.0
Derek Carr,2015-09-27,2015,CLE,62.50,314,2,0,115.9,20.6,0.0
Jameis Winston,2015-09-27,2015,HOU,47.22,261,1,1,69.3,12.4,0.0
Joe Flacco,2015-09-27,2015,CIN,65.31,362,2,1,92.4,20.5,0.0
Josh McCown,2015-09-27,2015,OAK,57.14,341,2,1,83.8,19.6,0.0
Marcus Mariota,2015-09-27,2015,IND,61.36,367,2,2,84.2,18.7,0.0
Matt Ryan,2015-09-27,2015,DAL,66.67,285,2,0,109.1,19.4,0.0
Matthew Stafford,2015-09-27,2015,DEN,68.89,282,1,2,74.5,11.3,0.0
Nick Foles,2015-09-27,2015,PIT,67.86,197,0,1,73.1,5.9,0.0
Philip Rivers,2015-09-27,2015,MIN,61.76,246,1,1,81.2,11.8,0.0
Russell Wilson,2015-09-27,2015,CHI,66.67,235,1,0,101.4,13.4,0.0
Ryan Fitzpatrick,2015-09-27,2015,PHI,60.34,283,2,3,62.6,13.3,0.0
Ryan Tannehill,2015-09-27,2015,BUF,53.06,297,2,3,59.7,13.9,0.0
Sam Bradford,2015-09-27,2015,NYJ,50.00,118,1,0,73.2,8.7,0.0
Tom Brady,2015-09-27,2015,JAX,78.57,358,2,0,118.1,22.3,0.0
Tyrod Taylor,2015-09-27,2015,MIA,72.41,277,3,0,136.7,23.1,0.0
Aaron Rodgers,2015-09-28,2015,KC,68.57,333,5,0,138.5,33.3,0.0
Alex Smith,2015-09-28,2015,GB,60.00,290,1,1,80.2,13.6,0.0
Joe Flacco,2015-10-01,2015,PIT,60.61,189,1,1,73.9,9.6,0.0
Aaron Rodgers,2015-10-04,2015,SF,68.75,224,1,0,99.0,13.0,0.0
Alex Smith,2015-10-04,2015,CIN,68.89,386,0,0,95.2,15.4,0.0
Andy Dalton,2015-10-04,2015,KC,70.83,321,1,0,127.1,16.8,0.0
Blake Bortles,2015-10-04,2015,IND,56.00,298,1,0,80.2,15.9,0.0
Brian Hoyer,2015-10-04,2015,ATL,56.67,232,2,0,103.7,17.3,0.0
Cam Newton,2015-10-04,2015,TB,50.00,124,2,0,97.5,13.0,0.0
Carson Palmer,2015-10-04,2015,LA,63.04,352,1,1,84.7,16.1,0.0
Colin Kaepernick,2015-10-04,2015,GB,52.00,160,0,1,55.4,4.4,0.0
Derek Carr,2015-10-04,2015,CHI,60.61,196,2,1,84.9,13.8,0.0
Drew Brees,2015-10-04,2015,DAL,80.49,359,2,0,119.4,22.4,0.0
Eli Manning,2015-10-04,2015,BUF,57.14,212,3,1,91.6,18.5,0.0
Jameis Winston,2015-10-04,2015,CAR,60.47,287,2,4,57.0,11.5,0.0
Jay Cutler,2015-10-04,2015,OAK,65.12,281,2,1,89.4,17.2,0.0
Josh McCown,2015-10-04,2015,SD,78.05,356,2,0,119.1,22.2,0.0
Kirk Cousins,2015-10-04,2015,PHI,67.39,290,1,0,91.8,15.6,0.0
Matt Ryan,2015-10-04,2015,HOU,70.37,256,1,0,112.6,14.2,0.0
Nick Foles,2015-10-04,2015,ARI,66.67,171,3,0,126.9,18.8,0.0
Philip Rivers,2015-10-04,2015,CLE,60.53,358,3,0,118.1,26.3,0.0
Ryan Fitzpatrick,2015-10-04,2015,MIA,55.17,218,1,1,76.5,10.7,0.0
Ryan Tannehill,2015-10-04,2015,NYJ,43.18,198,2,2,53.0,11.9,0.0
Sam Bradford,2015-10-04,2015,WAS,53.57,270,3,0,122.6,22.8,0.0
Tyrod Taylor,2015-10-04,2015,NYG,66.67,274,1,1,82.8,13.0,0.0
Matthew Stafford,2015-10-05,2015,SEA,68.57,203,0,0,83.4,8.1,0.0
Russell Wilson,2015-10-05,2015,DET,76.92,287,1,0,125.0,15.5,0.0
Brian Hoyer,2015-10-08,2015,IND,77.42,312,2,1,116.6,18.5,0.0
Aaron Rodgers,2015-10-11,2015,LA,63.33,241,2,2,82.8,13.6,0.0
Alex Smith,2015-10-11,2015,CHI,53.33,181,1,0,82.8,11.2,0.0
Andy Dalton,2015-10-11,2015,SEA,68.18,331,2,1,95.9,19.2,0.0
Blake Bortles,2015-10-11,2015,TB,69.70,303,4,1,125.4,26.1,0.0
Carson Palmer,2015-10-11,2015,DET,78.57,161,3,0,154.2,18.4,0.0
Colin Kaepernick,2015-10-11,2015,NYG,65.71,262,2,0,107.1,18.5,0.0
Derek Carr,2015-10-11,2015,DEN,66.67,249,1,1,82.1,12.0,0.0
Drew Brees,2015-10-11,2015,PHI,60.47,335,2,1,90.7,19.4,0.0
Eli Manning,2015-10-11,2015,SF,75.93,441,3,1,110.2,27.6,0.0
Jameis Winston,2015-10-11,2015,JAX,68.42,209,1,0,122.5,12.4,0.0
Jay Cutler,2015-10-11,2015,KC,57.78,252,2,0,88.4,18.1,0.0
Joe Flacco,2015-10-11,2015,CLE,54.29,210,1,0,81.8,12.4,0.0
Josh McCown,2015-10-11,2015,BAL,70.59,457,2,0,111.3,26.3,0.0
Kirk Cousins,2015-10-11,2015,ATL,65.63,219,1,2,69.7,8.8,0.0
Marcus Mariota,2015-10-11,2015,BUF,65.63,187,0,1,68.1,5.5,0.0
Matt Ryan,2015-10-11,2015,WAS,57.14,254,0,2,55.1,6.2,0.0
Matthew Stafford,2015-10-11,2015,ARI,62.50,188,1,3,50.0,5.5,0.0
Nick Foles,2015-10-11,2015,GB,36.67,141,1,4,23.7,1.6,0.0
Russell Wilson,2015-10-11,2015,CIN,65.22,213,1,1,91.4,10.5,0.0
Sam Bradford,2015-10-11,2015,NO,71.11,333,2,2,88.5,17.3,0.0
Tom Brady,2015-10-11,2015,DAL,74.07,275,2,0,130.9,19.0,0.0
Tyrod Taylor,2015-10-11,2015,TEN,58.82,109,1,0,97.4,8.4,0.0
Philip Rivers,2015-10-12,2015,PIT,72.92,365,2,1,99.7,20.6,0.0
Drew Brees,2015-10-15,2015,ATL,76.92,312,1,0,108.1,16.5,0.0
Matt Ryan,2015-10-15,2015,NO,68.18,295,2,0,102.0,19.8,0.0
Aaron Rodgers,2015-10-18,2015,SD,55.17,255,2,0,107.7,18.2,0.0
Alex Smith,2015-10-18,2015,MIN,59.46,282,1,0,92.4,15.3,0.0
Andrew Luck,2015-10-18,2015,NE,60.00,312,3,0,98.1,24.5,0.0
Andy Dalton,2015-10-18,2015,BUF,66.67,243,3,0,118.6,21.7,0.0
Blake Bortles,2015-10-18,2015,HOU,56.60,331,3,3,70.6,19.2,0.0
Brian Hoyer,2015-10-18,2015,JAX,66.67,293,3,0,119.3,23.7,0.0
Cam Newton,2015-10-18,2015,SEA,55.56,269,1,2,65.6,10.8,0.0
Carson Palmer,2015-10-18,2015,PIT,64.44,421,1,2,83.7,16.8,0.0
Colin Kaepernick,2015-10-18,2015,BAL,59.26,340,2,0,128.2,21.6,0.0
Jay Cutler,2015-10-18,2015,DET,63.41,353,1,1,88.8,16.1,0.0
Joe Flacco,2015-10-18,2015,SF,62.26,343,2,2,77.8,17.7,0.0
Josh McCown,2015-10-18,2015,DEN,51.28,213,2,2,63.3,12.5,0.0
Kirk Cousins,2015-10-18,2015,NYJ,58.14,196,1,2,57.9,7.8,0.0
Marcus Mariota,2015-10-18,2015,MIA,63.64,219,1,2,67.6,8.8,0.0
Matthew Stafford,2015-10-18,2015,CHI,64.29,405,4,1,117.7,30.2,0.0
Philip Rivers,2015-10-18,2015,GB,66.15,503,2,0,99.7,28.1,0.0
Russell Wilson,2015-10-18,2015,CAR,60.00,241,1,0,96.7,13.6,0.0
Ryan Fitzpatrick,2015-10-18,2015,WAS,73.08,253,2,1,113.1,16.1,0.0
Ryan Tannehill,2015-10-18,2015,TEN,75.86,266,2,2,97.8,14.6,0.0
Tom Brady,2015-10-18,2015,IND,62.16,312,3,1,104.8,22.5,0.0
Eli Manning,2015-10-19,2015,PHI,63.16,189,1,2,62.3,7.6,0.0
Sam Bradford,2015-10-19,2015,NYG,63.16,280,1,3,61.3,9.2,0.0
Colin Kaepernick,2015-10-22,2015,SEA,54.17,124,0,0,68.7,5.0,0.0
Russell Wilson,2015-10-22,2015,SF,75.00,235,1,2,84.5,9.4,0.0
Alex Smith,2015-10-25,2015,PIT,65.63,251,1,0,99.9,14.0,0.0
Andrew Luck,2015-10-25,2015,NO,52.27,333,3,2,81.0,21.3,0.0
Blake Bortles,2015-10-25,2015,BUF,44.83,182,2,1,74.2,13.3,0.0
Brian Hoyer,2015-10-25,2015,MIA,46.94,273,3,1,76.3,20.9,0.0
Cam Newton,2015-10-25,2015,PHI,58.33,197,1,3,59.2,5.9,0.0
Derek Carr,2015-10-25,2015,SD,77.42,289,3,0,137.7,23.6,0.0
Drew Brees,2015-10-25,2015,IND,63.64,255,1,1,77.4,12.2,0.0
Eli Manning,2015-10-25,2015,DAL,54.17,170,0,0,76.7,6.8,0.0
Jameis Winston,2015-10-25,2015,WAS,72.41,297,2,0,128.1,19.9,0.0
Josh McCown,2015-10-25,2015,LA,81.25,270,0,0,101.8,10.8,0.0
Kirk Cousins,2015-10-25,2015,TB,82.50,317,3,0,124.7,24.7,0.0
Matt Ryan,2015-10-25,2015,TEN,57.89,251,1,2,64.7,10.0,0.0
Matthew Stafford,2015-10-25,2015,MIN,69.23,256,2,0,126.4,18.2,0.0
Nick Foles,2015-10-25,2015,CLE,65.22,163,0,0,86.0,6.5,0.0
Philip Rivers,2015-10-25,2015,OAK,65.52,336,3,2,83.7,21.4,0.0
Ryan Fitzpatrick,2015-10-25,2015,NE,56.41,295,2,0,97.7,19.8,0.0
Ryan Tannehill,2015-10-25,2015,HOU,94.74,282,4,0,158.3,27.3,0.0
Sam Bradford,2015-10-25,2015,CAR,56.52,205,0,1,58.7,6.2,0.0
Tom Brady,2015-10-25,2015,NYJ,62.96,355,2,0,94.3,22.2,0.0
Carson Palmer,2015-10-26,2015,BAL,68.97,275,2,0,122.1,19.0,0.0
Joe Flacco,2015-10-26,2015,ARI,65.00,252,1,1,80.4,12.1,0.0
Ryan Tannehill,2015-10-29,2015,NE,63.64,300,0,2,64.6,8.0,0.0
Tom Brady,2015-10-29,2015,MIA,68.42,356,4,0,133.2,30.2,0.0
Aaron Rodgers,2015-11-01,2015,DEN,63.64,77,0,0,69.7,3.1,0.0
Alex Smith,2015-11-01,2015,DET,69.23,145,2,0,108.7,13.8,0.0
Andy Dalton,2015-11-01,2015,PIT,60.53,231,1,2,64.7,9.2,0.0
Ben Roethlisberger,2015-11-01,2015,CIN,62.22,262,1,3,57.8,8.5,0.0
Brian Hoyer,2015-11-01,2015,TEN,65.71,235,2,0,103.9,17.4,0.0
Carson Palmer,2015-11-01,2015,CLE,60.53,374,4,1,117.7,29.0,0.0
Colin Kaepernick,2015-11-01,2015,LA,48.78,162,0,0,59.2,6.5,0.0
Derek Carr,2015-11-01,2015,NYJ,63.89,333,4,0,130.9,29.3,0.0
Drew Brees,2015-11-01,2015,NYG,78.00,505,7,2,131.7,44.2,0.0
Eli Manning,2015-11-01,2015,NO,73.17,350,6,0,138.2,38.0,0.0
Jameis Winston,2015-11-01,2015,ATL,55.17,177,1,0,85.0,11.1,0.0
Jay Cutler,2015-11-01,2015,MIN,66.67,211,1,0,94.4,12.4,0.0
Joe Flacco,2015-11-01,2015,SD,67.57,319,1,0,103.3,16.8,0.0
Josh McCown,2015-11-01,2015,ARI,52.94,211,3,1,89.2,18.4,0.0
Matt Ryan,2015-11-01,2015,TB,82.22,397,2,1,109.0,21.9,0.0
Matthew Stafford,2015-11-01,2015,KC,61.11,217,1,2,64.2,8.7,0.0
Nick Foles,2015-11-01,2015,SF,60.87,191,1,0,101.9,11.6,0.0
Philip Rivers,2015-11-01,2015,BAL,75.68,301,3,0,126.1,24.0,0.0
Russell Wilson,2015-11-01,2015,DAL,63.33,210,1,1,81.2,10.4,0.0
Ryan Fitzpatrick,2015-11-01,2015,OAK,80.00,46,0,0,105.0,1.8,0.0
Andrew Luck,2015-11-02,2015,CAR,48.94,231,2,3,50.9,11.2,0.0
Cam Newton,2015-11-02,2015,IND,45.71,248,2,1,76.8,15.9,0.0
Andy Dalton,2015-11-05,2015,CLE,77.78,234,3,0,139.8,21.4,0.0
Aaron Rodgers,2015-11-08,2015,CAR,52.08,369,4,1,96.6,28.8,0.0
Andrew Luck,2015-11-08,2015,DEN,58.33,252,2,0,98.4,18.1,0.0
Ben Roethlisberger,2015-11-08,2015,OAK,54.55,334,2,1,84.8,19.4,0.0
Blaine Gabbert,2015-11-08,2015,ATL,60.00,185,2,2,76.2,11.4,0.0
Blake Bortles,2015-11-08,2015,NYJ,60.00,381,2,2,87.6,19.2,0.0
Cam Newton,2015-11-08,2015,GB,50.00,297,3,1,104.4,21.9,0.0
Derek Carr,2015-11-08,2015,PIT,54.55,301,4,1,96.9,26.0,0.0
Drew Brees,2015-11-08,2015,TEN,71.79,387,3,1,118.2,25.5,0.0
Eli Manning,2015-11-08,2015,TB,65.00,213,2,2,74.3,12.5,0.0
Jameis Winston,2015-11-08,2015,NYG,52.78,247,0,0,74.7,9.9,0.0
Kirk Cousins,2015-11-08,2015,NE,55.00,217,1,1,68.4,10.7,0.0
Marcus Mariota,2015-11-08,2015,NO,71.79,371,4,0,135.7,30.8,0.0
Matt Ryan,2015-11-08,2015,SF,66.67,303,1,0,93.1,16.1,0.0
Nick Foles,2015-11-08,2015,MIN,54.55,168,0,0,68.7,6.7,0.0
Ryan Fitzpatrick,2015-11-08,2015,JAX,61.76,272,2,0,106.5,18.9,0.0
Ryan Tannehill,2015-11-08,2015,BUF,74.29,307,0,0,100.5,12.3,0.0
Sam Bradford,2015-11-08,2015,DAL,69.44,295,1,0,103.4,15.8,0.0
Tom Brady,2015-11-08,2015,WAS,66.67,299,2,1,96.0,18.0,0.0
Tyrod Taylor,2015-11-08,2015,MIA,91.67,181,1,0,146.5,11.2,0.0
Jay Cutler,2015-11-09,2015,SD,67.50,345,2,1,100.5,19.8,0.0
Philip Rivers,2015-11-09,2015,CHI,61.90,280,1,0,89.4,15.2,0.0
Ryan Fitzpatrick,2015-11-12,2015,BUF,44.12,193,2,2,57.6,11.7,0.0
Tyrod Taylor,2015-11-12,2015,NYJ,62.96,158,1,0,91.3,10.3,0.0
Aaron Rodgers,2015-11-15,2015,DET,57.38,333,2,0,83.6,21.3,0.0
Alex Smith,2015-11-15,2015,DEN,54.84,204,1,0,86.0,12.2,0.0
Ben Roethlisberger,2015-11-15,2015,CLE,66.67,379,3,1,123.2,25.2,0.0
Blake Bortles,2015-11-15,2015,BAL,48.89,188,2,1,65.8,13.5,0.0
Brock Osweiler,2015-11-15,2015,KC,58.33,146,1,1,72.6,7.8,0.0
Cam Newton,2015-11-15,2015,TEN,80.77,217,1,0,114.3,12.7,0.0
Carson Palmer,2015-11-15,2015,SEA,61.70,363,3,1,98.1,24.5,0.0
Derek Carr,2015-11-15,2015,MIN,67.44,302,2,2,83.7,16.1,0.0
Drew Brees,2015-11-15,2015,WAS,67.86,209,2,2,83.8,12.4,0.0
Eli Manning,2015-11-15,2015,NE,54.55,361,2,0,96.9,22.4,0.0
Jameis Winston,2015-11-15,2015,DAL,56.41,264,0,2,55.9,6.6,0.0
Jay Cutler,2015-11-15,2015,LA,79.17,258,3,0,151.0,22.3,0.0
Joe Flacco,2015-11-15,2015,JAX,75.56,316,3,2,98.0,20.6,0.0
Kirk Cousins,2015-11-15,2015,NO,80.00,324,4,0,158.3,29.0,0.0
Marcus Mariota,2015-11-15,2015,CAR,66.67,185,0,1,72.4,5.4,0.0
Matthew Stafford,2015-11-15,2015,GB,63.16,242,2,1,87.8,15.7,0.0
Nick Foles,2015-11-15,2015,CHI,47.22,200,0,1,53.0,6.0,0.0
Russell Wilson,2015-11-15,2015,ARI,43.75,240,1,1,67.2,11.6,0.0
Ryan Tannehill,2015-11-15,2015,PHI,58.33,217,2,0,94.3,16.7,0.0
Sam Bradford,2015-11-15,2015,MIA,76.00,236,1,0,118.1,13.4,0.0
Tom Brady,2015-11-15,2015,NYG,61.90,334,2,1,92.8,19.4,0.0
Andy Dalton,2015-11-16,2015,HOU,57.89,197,0,1,61.0,5.9,0.0
Brian Hoyer,2015-11-16,2015,CIN,54.55,123,0,1,51.9,2.9,0.0
Blake Bortles,2015-11-19,2015,TEN,70.00,242,1,1,91.3,11.7,0.0
Marcus Mariota,2015-11-19,2015,JAX,62.86,231,0,0,82.0,9.2,0.0
Aaron Rodgers,2015-11-22,2015,MIN,47.06,212,2,0,86.9,16.5,0.0
Alex Smith,2015-11-22,2015,SD,80.00,253,0,0,108.8,10.1,0.0
Andy Dalton,2015-11-22,2015,ARI,56.41,315,2,0,99.8,20.6,0.0
Blaine Gabbert,2015-11-22,2015,SEA,64.71,264,1,0,98.2,14.6,0.0
Brock Osweiler,2015-11-22,2015,CHI,74.07,250,2,0,127.1,18.0,0.0
Cam Newton,2015-11-22,2015,WAS,61.76,246,5,0,123.3,29.8,0.0
Carson Palmer,2015-11-22,2015,CIN,64.52,317,4,2,111.2,24.7,0.0
Case Keenum,2015-11-22,2015,BAL,46.15,136,1,0,75.2,9.4,0.0
Derek Carr,2015-11-22,2015,DET,52.00,169,0,0,73.6,6.8,0.0
Jameis Winston,2015-11-22,2015,PHI,65.52,246,5,0,131.6,29.8,0.0
Jay Cutler,2015-11-22,2015,DEN,56.25,265,0,1,70.4,8.6,0.0
Joe Flacco,2015-11-22,2015,LA,61.36,299,1,2,70.2,12.0,0.0
Kirk Cousins,2015-11-22,2015,CAR,73.33,207,1,1,89.2,10.3,0.0
Matt Ryan,2015-11-22,2015,IND,54.35,280,3,3,67.3,17.2,0.0
Matthew Stafford,2015-11-22,2015,OAK,62.86,282,0,0,88.0,11.3,0.0
Philip Rivers,2015-11-22,2015,KC,63.33,178,0,1,65.7,5.1,0.0
Russell Wilson,2015-11-22,2015,SF,82.76,260,3,0,138.5,22.4,0.0
Ryan Fitzpatrick,2015-11-22,2015,HOU,48.72,216,1,2,52.9,8.6,0.0
Ryan Tannehill,2015-11-22,2015,DAL,54.17,188,2,1,90.3,13.5,0.0
Tom Brady,2015-11-23,2015,BUF,51.28,277,1,1,72.3,13.1,0.0
Tyrod Taylor,2015-11-23,2015,NE,55.56,233,0,0,75.3,9.3,0.0
Aaron Rodgers,2015-11-26,2015,CHI,51.16,202,1,1,62.4,10.1,0.0
Cam Newton,2015-11-26,2015,DAL,59.26,183,0,0,79.7,7.3,0.0
Jay Cutler,2015-11-26,2015,GB,61.29,200,1,0,90.8,12.0,0.0
Matthew Stafford,2015-11-26,2015,PHI,71.05,337,5,0,137.8,33.5,0.0
Alex Smith,2015-11-29,2015,BUF,63.33,255,2,0,112.5,18.2,0.0
Andy Dalton,2015-11-29,2015,LA,74.07,233,3,1,121.4,19.3,0.0
Ben Roethlisberger,2015-11-29,2015,SEA,65.45,456,1,2,82.1,18.2,0.0
Blaine Gabbert,2015-11-29,2015,ARI,69.44,318,1,1,94.4,14.7,0.0
Blake Bortles,2015-11-29,2015,SD,61.22,329,2,1,86.2,19.2,0.0
Brian Hoyer,2015-11-29,2015,NO,77.78,205,2,1,107.6,14.2,0.0
Brock Osweiler,2015-11-29,2015,NE,54.76,270,1,1,72.5,12.8,0.0
Carson Palmer,2015-11-29,2015,SF,60.00,271,0,0,80.3,10.8,0.0
Derek Carr,2015-11-29,2015,TEN,64.86,330,3,0,120.3,25.2,0.0
Drew Brees,2015-11-29,2015,HOU,56.82,228,0,1,61.6,7.1,0.0
Eli Manning,2015-11-29,2015,WAS,50.98,321,2,3,59.4,14.8,0.0
Jameis Winston,2015-11-29,2015,IND,55.56,245,1,1,74.4,11.8,0.0
Kirk Cousins,2015-11-29,2015,NYG,68.97,302,1,0,114.4,16.1,0.0
Marcus Mariota,2015-11-29,2015,OAK,45.95,218,3,2,69.4,16.7,0.0
Matt Ryan,2015-11-29,2015,MIN,70.97,230,1,2,76.0,9.2,0.0
Nick Foles,2015-11-29,2015,CIN,65.22,228,0,3,49.9,3.1,0.0
Philip Rivers,2015-11-29,2015,JAX,67.44,300,4,0,118.4,28.0,0.0
Russell Wilson,2015-11-29,2015,PIT,70.00,345,5,0,147.9,33.8,0.0
Ryan Fitzpatrick,2015-11-29,2015,MIA,59.46,277,4,0,118.9,27.1,0.0
Ryan Tannehill,2015-11-29,2015,NYJ,56.90,351,3,1,84.8,24.0,0.0
Tom Brady,2015-11-29,2015,DEN,54.76,280,3,0,99.3,23.2,0.0
Tyrod Taylor,2015-11-29,2015,KC,55.26,291,3,0,106.4,23.6,0.0
Josh McCown,2015-11-30,2015,BAL,55.26,212,1,0,80.2,12.5,0.0
Aaron Rodgers,2015-12-03,2015,DET,66.67,273,2,1,96.2,16.9,0.0
Matthew Stafford,2015-12-03,2015,GB,65.71,220,2,0,102.1,16.8,0.0
Alex Smith,2015-12-06,2015,OAK,72.73,162,2,0,123.7,14.5,0.0
Andy Dalton,2015-12-06,2015,CLE,73.68,220,2,0,146.8,16.8,0.0
Ben Roethlisberger,2015-12-06,2015,IND,61.54,364,4,0,126.4,30.6,0.0
Blaine Gabbert,2015-12-06,2015,CHI,56.25,196,1,0,84.9,11.8,0.0
Blake Bortles,2015-12-06,2015,TEN,66.67,322,5,0,134.5,32.9,0.0
Brian Hoyer,2015-12-06,2015,BUF,60.47,293,3,1,94.4,21.7,0.0
Brock Osweiler,2015-12-06,2015,SD,61.54,166,1,1,76.8,8.6,0.0
Cam Newton,2015-12-06,2015,NO,68.29,331,5,1,122.1,31.2,0.0
Carson Palmer,2015-12-06,2015,LA,65.00,356,2,0,110.0,22.2,0.0
Derek Carr,2015-12-06,2015,KC,64.58,283,2,3,68.3,13.3,0.0
Drew Brees,2015-12-06,2015,CAR,57.14,282,3,1,91.6,21.3,0.0
Eli Manning,2015-12-06,2015,NYJ,52.94,297,1,1,80.1,13.9,0.0
Jameis Winston,2015-12-06,2015,ATL,66.67,227,1,1,89.6,11.1,0.0
Jay Cutler,2015-12-06,2015,SF,58.06,202,0,1,64.2,6.1,0.0
Marcus Mariota,2015-12-06,2015,JAX,68.97,268,3,1,118.2,20.7,0.0
Matt Ryan,2015-12-06,2015,TB,66.67,269,1,1,80.7,12.8,0.0
Nick Foles,2015-12-06,2015,ARI,42.86,146,0,1,43.3,3.8,0.0
Philip Rivers,2015-12-06,2015,DEN,51.43,202,0,1,57.1,6.1,0.0
Russell Wilson,2015-12-06,2015,MIN,77.78,274,3,0,146.0,23.0,0.0
Ryan Fitzpatrick,2015-12-06,2015,NYG,72.00,390,2,0,107.9,23.6,0.0
Ryan Tannehill,2015-12-06,2015,BAL,47.37,86,1,0,78.0,7.4,0.0
Sam Bradford,2015-12-06,2015,NE,58.33,120,2,0,99.3,12.8,0.0
Tom Brady,2015-12-06,2015,PHI,51.79,312,3,2,71.4,20.5,0.0
Tyrod Taylor,2015-12-06,2015,HOU,52.38,211,3,0,127.2,20.4,0.0
Kirk Cousins,2015-12-07,2015,DAL,70.97,219,1,0,101.4,12.8,0.0
Carson Palmer,2015-12-10,2015,MIN,71.43,310,2,0,117.6,20.4,0.0
Aaron Rodgers,2015-12-13,2015,DAL,62.86,218,2,0,99.5,16.7,0.0
Alex Smith,2015-12-13,2015,SD,65.22,191,1,1,87.4,9.6,0.0
Andy Dalton,2015-12-13,2015,PIT,60.00,59,0,1,61.7,0.4,0.0
Ben Roethlisberger,2015-12-13,2015,CIN,76.92,282,0,1,85.6,9.3,0.0
Blaine Gabbert,2015-12-13,2015,CLE,64.29,194,1,0,96.4,11.8,0.0
Blake Bortles,2015-12-13,2015,IND,53.33,250,3,0,114.6,22.0,0.0
Brian Hoyer,2015-12-13,2015,NE,50.00,155,0,0,73.1,6.2,0.0
Brock Osweiler,2015-12-13,2015,OAK,68.63,308,0,0,84.4,12.3,0.0
Cam Newton,2015-12-13,2015,ATL,71.43,265,3,0,153.3,22.6,0.0
Case Keenum,2015-12-13,2015,DET,63.64,124,0,1,59.7,3.0,0.0
Derek Carr,2015-12-13,2015,DEN,41.38,135,2,0,79.0,13.4,0.0
Drew Brees,2015-12-13,2015,TB,75.61,312,2,0,113.1,20.5,0.0
Jameis Winston,2015-12-13,2015,NO,56.25,182,1,0,83.1,11.3,0.0
Jay Cutler,2015-12-13,2015,WAS,61.29,315,2,0,117.0,20.6,0.0
Kirk Cousins,2015-12-13,2015,CHI,77.42,300,1,1,104.2,14.0,0.0
Marcus Mariota,2015-12-13,2015,NYJ,53.85,274,0,1,65.5,9.0,0.0
Matt Ryan,2015-12-13,2015,CAR,64.71,224,0,1,71.2,7.0,0.0
Matthew Stafford,2015-12-13,2015,LA,65.22,245,2,1,84.1,15.8,0.0
Philip Rivers,2015-12-13,2015,KC,55.81,263,0,1,64.4,8.5,0.0
Russell Wilson,2015-12-13,2015,BAL,71.88,292,5,0,139.6,31.7,0.0
Ryan Fitzpatrick,2015-12-13,2015,TEN,58.33,263,3,0,108.9,22.5,0.0
Sam Bradford,2015-12-13,2015,BUF,60.53,247,1,1,77.4,11.9,0.0
Tom Brady,2015-12-13,2015,HOU,73.33,226,2,0,116.8,17.0,0.0
Tyrod Taylor,2015-12-13,2015,PHI,52.78,268,1,1,74.8,12.7,0.0
Eli Manning,2015-12-14,2015,MIA,87.10,337,4,0,151.5,29.5,0.0
Ryan Tannehill,2015-12-14,2015,NYG,60.98,236,1,0,85.0,13.4,0.0
Case Keenum,2015-12-17,2015,TB,82.35,234,2,0,158.0,17.4,0.0
Jameis Winston,2015-12-17,2015,LA,58.00,363,2,1,85.7,20.5,0.0
Ryan Fitzpatrick,2015-12-19,2015,DAL,66.67,299,1,1,87.4,14.0,0.0
Aaron Rodgers,2015-12-20,2015,OAK,56.41,204,1,1,68.8,10.2,0.0
Alex Smith,2015-12-20,2015,BAL,84.00,171,1,0,108.5,10.8,0.0
Ben Roethlisberger,2015-12-20,2015,DEN,72.73,380,3,2,94.5,23.2,0.0
Blaine Gabbert,2015-12-20,2015,CIN,60.00,295,1,3,58.3,9.8,0.0
Blake Bortles,2015-12-20,2015,ATL,60.53,297,1,1,82.9,13.9,0.0
Brock Osweiler,2015-12-20,2015,PIT,47.73,296,3,1,83.1,21.8,0.0
Cam Newton,2015-12-20,2015,NYG,55.56,340,5,0,116.9,33.6,0.0
Carson Palmer,2015-12-20,2015,PHI,62.50,274,1,0,100.3,15.0,0.0
Derek Carr,2015-12-20,2015,GB,48.94,276,2,2,63.8,15.0,0.0
Eli Manning,2015-12-20,2015,CAR,63.04,245,4,1,96.7,23.8,0.0
Jay Cutler,2015-12-20,2015,MIN,70.27,231,2,1,93.4,15.2,0.0
Kirk Cousins,2015-12-20,2015,BUF,78.57,319,4,0,153.7,28.8,0.0
Marcus Mariota,2015-12-20,2015,NE,50.00,32,0,0,66.0,1.3,0.0
Matt Ryan,2015-12-20,2015,JAX,62.86,246,1,1,81.4,11.8,0.0
Philip Rivers,2015-12-20,2015,MIA,72.22,311,3,2,102.9,20.4,0.0
Russell Wilson,2015-12-20,2015,CLE,70.00,249,3,0,128.3,22.0,0.0
Ryan Tannehill,2015-12-20,2015,SD,58.82,216,0,0,77.6,8.6,0.0
Sam Bradford,2015-12-20,2015,ARI,68.29,361,2,2,91.6,18.4,0.0
Tom Brady,2015-12-20,2015,TEN,65.71,267,2,0,107.7,18.7,0.0
Tyrod Taylor,2015-12-20,2015,WAS,59.26,235,2,0,112.4,17.4,0.0
Drew Brees,2015-12-21,2015,DET,65.38,341,3,0,103.1,25.6,0.0
Matthew Stafford,2015-12-21,2015,NO,88.00,254,3,0,148.6,22.2,0.0
Derek Carr,2015-12-24,2015,SD,60.53,204,1,1,72.7,10.2,0.0
Philip Rivers,2015-12-24,2015,OAK,63.27,277,1,0,85.2,15.1,0.0
Kirk Cousins,2015-12-26,2015,PHI,67.39,365,4,0,120.3,30.6,0.0
Sam Bradford,2015-12-26,2015,WAS,66.07,380,1,0,91.4,19.2,0.0
Aaron Rodgers,2015-12-27,2015,ARI,53.57,151,1,1,66.2,8.0,0.0
Alex Smith,2015-12-27,2015,CLE,68.18,125,2,1,93.9,11.0,0.0
Ben Roethlisberger,2015-12-27,2015,BAL,70.59,220,0,2,63.4,4.8,0.0
Blaine Gabbert,2015-12-27,2015,DET,66.67,225,2,0,106.2,17.0,0.0
Blake Bortles,2015-12-27,2015,NO,77.14,368,4,2,124.5,26.7,0.0
Cam Newton,2015-12-27,2015,ATL,56.67,142,0,0,69.0,5.7,0.0
Carson Palmer,2015-12-27,2015,GB,66.67,265,2,1,107.8,16.6,0.0
Case Keenum,2015-12-27,2015,SEA,60.87,103,1,0,86.0,8.1,0.0
Drew Brees,2015-12-27,2015,JAX,69.44,412,3,0,135.4,28.5,0.0
Eli Manning,2015-12-27,2015,MIN,51.72,234,1,3,50.7,7.4,0.0
Jameis Winston,2015-12-27,2015,CHI,51.72,295,2,1,96.2,17.8,0.0
Jay Cutler,2015-12-27,2015,TB,74.07,156,1,0,100.2,10.2,0.0
Matt Ryan,2015-12-27,2015,CAR,76.67,306,1,0,119.6,16.2,0.0
Matthew Stafford,2015-12-27,2015,SF,78.38,301,2,0,118.6,20.0,0.0
Russell Wilson,2015-12-27,2015,LA,60.98,289,2,1,88.4,17.6,0.0
Ryan Fitzpatrick,2015-12-27,2015,NE,63.41,296,3,0,109.4,23.8,0.0
Ryan Tannehill,2015-12-27,2015,IND,68.42,329,0,1,84.2,11.2,0.0
Tom Brady,2015-12-27,2015,NYJ,70.97,231,1,1,89.6,11.2,0.0
Tyrod Taylor,2015-12-27,2015,DAL,72.22,179,0,1,80.6,5.2,0.0
Brock Osweiler,2015-12-28,2015,CIN,69.23,299,1,0,100.3,16.0,0.0
Aaron Rodgers,2016-01-03,2015,MIN,63.64,291,1,1,80.8,13.6,0.0
Alex Smith,2016-01-03,2015,OAK,58.33,156,2,2,70.8,10.2,0.0
Ben Roethlisberger,2016-01-03,2015,CLE,66.67,349,3,2,102.7,22.0,0.0
Blaine Gabbert,2016-01-03,2015,LA,63.64,354,1,1,86.7,16.2,0.0
Blake Bortles,2016-01-03,2015,HOU,53.13,239,0,2,51.4,5.6,0.0
Brian Hoyer,2016-01-03,2015,JAX,62.50,249,1,1,78.0,12.0,0.0
Brock Osweiler,2016-01-03,2015,SD,63.64,232,1,2,76.3,9.3,0.0
Cam Newton,2016-01-03,2015,TB,80.77,293,2,0,139.3,19.7,0.0
Carson Palmer,2016-01-03,2015,SEA,48.00,129,1,1,60.2,7.2,0.0
Case Keenum,2016-01-03,2015,SF,59.46,231,0,0,77.6,9.2,0.0
Derek Carr,2016-01-03,2015,KC,63.64,194,1,1,77.1,9.8,0.0
Drew Brees,2016-01-03,2015,ATL,76.19,323,1,0,105.6,16.9,0.0
Eli Manning,2016-01-03,2015,PHI,55.81,302,2,0,93.4,20.1,0.0
Jameis Winston,2016-01-03,2015,CAR,61.70,325,0,2,64.6,9.0,0.0
Jay Cutler,2016-01-03,2015,DET,73.91,245,2,3,97.5,11.8,0.0
Kirk Cousins,2016-01-03,2015,DAL,80.00,176,3,0,155.1,19.0,0.0
Matt Ryan,2016-01-03,2015,NO,66.67,334,2,1,103.2,19.4,0.0
Matthew Stafford,2016-01-03,2015,CHI,71.79,298,3,0,119.4,23.9,0.0
Philip Rivers,2016-01-03,2015,DEN,60.00,228,2,1,86.4,15.1,0.0
Russell Wilson,2016-01-03,2015,ARI,67.86,197,3,0,123.7,19.9,0.0
Ryan Fitzpatrick,2016-01-03,2015,BUF,43.24,181,2,3,42.7,9.2,0.0
Ryan Tannehill,2016-01-03,2015,NE,65.79,350,2,0,112.8,22.0,0.0
Sam Bradford,2016-01-03,2015,NYG,78.95,320,2,1,108.3,18.8,0.0
Tom Brady,2016-01-03,2015,MIA,57.14,134,0,0,76.3,5.4,0.0
Tyrod Taylor,2016-01-03,2015,NYJ,64.29,182,0,0,82.7,7.3,0.0
Cam Newton,2016-09-08,2016,DEN,54.55,194,1,1,69.5,9.8,16.9
Trevor Siemian,2016-09-08,2016,CAR,69.23,178,1,2,69.1,7.1,9.7
Aaron Rodgers,2016-09-11,2016,JAX,58.82,199,2,0,95.1,16.0,19.6
Alex Smith,2016-09-11,2016,SD,70.83,363,2,1,97.8,20.5,16.6
Andrew Luck,2016-09-11,2016,DET,65.96,385,4,0,119.5,31.4,17.9
Andy Dalton,2016-09-11,2016,NYJ,76.67,366,1,1,114.0,16.6,14.5
Blake Bortles,2016-09-11,2016,GB,61.54,320,1,1,85.4,14.8,14.4
Brock Osweiler,2016-09-11,2016,CHI,62.86,231,2,1,89.1,15.2,15.4
Carson Palmer,2016-09-11,2016,NE,64.86,271,2,0,104.7,18.8,16.7
Carson Wentz,2016-09-11,2016,CLE,59.46,278,2,0,101.0,19.1,16.1
Dak Prescott,2016-09-11,2016,NYG,55.56,227,0,0,69.4,9.1,16.3
Derek Carr,2016-09-11,2016,NO,63.16,319,1,0,98.5,16.8,18.0
Drew Brees,2016-09-11,2016,OAK,66.67,423,4,0,131.3,32.9,17.5
Eli Manning,2016-09-11,2016,DAL,67.86,207,3,1,110.3,18.3,18.3
Jameis Winston,2016-09-11,2016,ATL,71.88,281,4,1,125.1,25.2,14.4
Jay Cutler,2016-09-11,2016,HOU,55.17,216,1,1,76.2,10.6,11.7
Joe Flacco,2016-09-11,2016,BUF,66.67,258,1,0,100.3,14.3,13.5
Marcus Mariota,2016-09-11,2016,MIN,60.98,271,2,1,86.5,16.8,13.4
Matt Ryan,2016-09-11,2016,TB,69.23,334,2,0,112.6,21.4,14.8
Matthew Stafford,2016-09-11,2016,IND,79.49,340,3,0,128.6,25.6,17.9
Philip Rivers,2016-09-11,2016,KC,69.44,243,1,0,97.3,13.7,15.1
Russell Wilson,2016-09-11,2016,MIA,62.79,258,1,1,77.5,12.3,19.9
Ryan Fitzpatrick,2016-09-11,2016,CIN,54.29,189,2,1,77.0,13.6,14.5
Ryan Tannehill,2016-09-11,2016,SEA,55.17,186,0,0,74.8,7.4,11.3
Tyrod Taylor,2016-09-11,2016,BAL,68.18,111,0,0,79.9,4.4,17.0
Ben Roethlisberger,2016-09-12,2016,WAS,72.97,300,3,1,112.4,22.0,17.9
Blaine Gabbert,2016-09-12,2016,LA,62.86,170,1,0,84.2,10.8,13.1
Case Keenum,2016-09-12,2016,SF,48.57,130,0,2,34.2,1.2,10.6
Kirk Cousins,2016-09-12,2016,PIT,69.77,329,0,2,72.7,9.2,17.4
Ryan Fitzpatrick,2016-09-15,2016,BUF,70.59,374,1,0,116.5,19.0,14.7
Tyrod Taylor,2016-09-15,2016,NYJ,60.00,297,3,1,112.8,21.9,14.7
Aaron Rodgers,2016-09-18,2016,MIN,55.56,213,1,1,70.7,10.5,17.5
Alex Smith,2016-09-18,2016,HOU,54.05,186,0,0,68.1,7.4,17.5
Andrew Luck,2016-09-18,2016,DEN,52.50,197,1,1,64.3,9.9,14.2
Andy Dalton,2016-09-18,2016,PIT,57.41,366,1,0,84.3,18.6,15.9
Ben Roethlisberger,2016-09-18,2016,CIN,51.35,259,3,2,78.5,18.4,15.0
Blaine Gabbert,2016-09-18,2016,CAR,47.22,243,2,2,64.9,13.7,11.3
Blake Bortles,2016-09-18,2016,SD,62.00,329,2,2,77.8,17.2,16.2
Brock Osweiler,2016-09-18,2016,KC,57.58,268,1,2,68.8,10.7,14.0
Cam Newton,2016-09-18,2016,SF,60.00,353,4,1,111.8,28.1,21.6
Carson Palmer,2016-09-18,2016,TB,56.67,304,3,0,124.9,24.2,16.7
Case Keenum,2016-09-18,2016,SEA,60.00,239,0,0,85.3,9.6,7.6
Dak Prescott,2016-09-18,2016,WAS,73.33,292,0,0,103.7,11.7,13.5
Derek Carr,2016-09-18,2016,ATL,75.56,299,3,0,115.0,24.0,14.9
Drew Brees,2016-09-18,2016,NYG,65.91,263,1,0,89.5,14.5,17.7
Eli Manning,2016-09-18,2016,NO,78.05,368,0,0,104.1,14.7,18.5
Jameis Winston,2016-09-18,2016,ARI,51.92,243,1,4,39.2,5.7,14.8
Joe Flacco,2016-09-18,2016,CLE,55.56,302,2,2,72.6,16.1,16.0
Josh McCown,2016-09-18,2016,BAL,60.61,260,2,2,80.4,14.4,14.2
Kirk Cousins,2016-09-18,2016,DAL,60.87,364,1,1,84.0,16.6,16.7
Marcus Mariota,2016-09-18,2016,DET,75.76,238,2,1,102.8,15.5,15.2
Matt Ryan,2016-09-18,2016,OAK,76.47,396,3,1,131.5,25.8,13.9
Matthew Stafford,2016-09-18,2016,TEN,55.00,260,1,1,72.9,12.4,17.6
Philip Rivers,2016-09-18,2016,JAX,70.83,220,4,0,138.9,24.8,16.4
Russell Wilson,2016-09-18,2016,LA,62.86,254,0,0,84.7,10.2,16.5
Ryan Tannehill,2016-09-18,2016,NE,71.11,387,2,2,93.5,19.5,14.5
Sam Bradford,2016-09-18,2016,GB,70.97,286,2,0,121.2,19.4,10.6
Trevor Siemian,2016-09-18,2016,IND,66.67,266,0,1,78.6,8.6,12.6
Brian Hoyer,2016-09-19,2016,PHI,75.00,78,0,0,91.7,3.1,0.0
Carson Wentz,2016-09-19,2016,CHI,61.76,190,1,0,86.6,11.6,13.1
Jay Cutler,2016-09-19,2016,PHI,70.59,157,0,1,74.9,4.3,12.9
Brock Osweiler,2016-09-22,2016,NE,58.54,196,0,1,60.6,5.8,14.7
Aaron Rodgers,2016-09-25,2016,DET,62.50,205,4,0,129.3,24.2,19.2
Alex Smith,2016-09-25,2016,NYJ,75.76,237,1,0,105.2,13.5,15.7
Andrew Luck,2016-09-25,2016,SD,64.86,331,1,1,91.2,15.2,18.1
Andy Dalton,2016-09-25,2016,DEN,67.74,206,0,1,72.8,6.2,13.5
Ben Roethlisberger,2016-09-25,2016,PHI,54.55,257,0,1,62.4,8.3,17.1
Blaine Gabbert,2016-09-25,2016,SEA,56.00,119,0,1,51.9,2.8,11.4
Blake Bortles,2016-09-25,2016,BAL,63.16,194,2,3,60.6,9.8,17.1
Brian Hoyer,2016-09-25,2016,DAL,61.22,317,2,0,93.7,20.7,0.0
Cam Newton,2016-09-25,2016,MIN,60.00,262,0,3,47.6,4.5,19.8
Carson Palmer,2016-09-25,2016,BUF,52.00,287,0,4,36.0,3.5,16.5
Carson Wentz,2016-09-25,2016,PIT,74.19,301,2,0,125.9,20.0,14.4
Case Keenum,2016-09-25,2016,TB,53.85,190,2,1,87.0,13.6,10.1
Cody Kessler,2016-09-25,2016,MIA,63.64,244,0,0,85.9,9.8,12.0
Dak Prescott,2016-09-25,2016,CHI,79.17,248,1,0,123.6,13.9,16.0
Derek Carr,2016-09-25,2016,TEN,60.00,249,1,1,79.3,12.0,15.9
Eli Manning,2016-09-25,2016,WAS,65.79,350,1,2,82.1,14.0,17.0
Jameis Winston,2016-09-25,2016,LA,62.07,405,3,1,93.0,26.2,14.9
Joe Flacco,2016-09-25,2016,JAX,72.50,214,0,2,64.0,4.6,14.5
Kirk Cousins,2016-09-25,2016,NYG,60.00,296,2,0,106.4,19.8,15.3
Marcus Mariota,2016-09-25,2016,OAK,51.52,214,0,2,46.8,4.6,15.3
Matthew Stafford,2016-09-25,2016,GB,68.29,385,3,1,112.3,25.4,16.6
Philip Rivers,2016-09-25,2016,IND,66.67,326,0,0,92.5,13.0,18.6
Russell Wilson,2016-09-25,2016,SF,65.22,243,1,0,114.9,13.7,19.2
Ryan Fitzpatrick,2016-09-25,2016,KC,45.45,188,0,6,18.2,-4.5,16.0
Ryan Tannehill,2016-09-25,2016,CLE,64.10,319,3,2,93.9,20.8,17.1
Sam Bradford,2016-09-25,2016,CAR,64.29,171,1,0,93.0,10.8,11.3
Trevor Siemian,2016-09-25,2016,CIN,65.71,312,4,0,132.1,28.5,9.7
Tyrod Taylor,2016-09-25,2016,ARI,56.00,119,0,1,51.9,2.8,15.6
Drew Brees,2016-09-26,2016,ATL,66.67,376,3,1,97.5,25.0,18.6
Matt Ryan,2016-09-26,2016,NO,66.67,240,2,0,113.2,17.6,18.3
Andy Dalton,2016-09-29,2016,MIA,70.97,296,1,0,111.8,15.8,16.5
Ryan Tannehill,2016-09-29,2016,CIN,60.00,189,1,1,80.2,9.6,12.9
Alex Smith,2016-10-02,2016,PIT,60.00,287,2,1,81.0,17.5,16.5
Andrew Luck,2016-10-02,2016,JAX,64.29,234,2,1,84.8,15.4,17.4
Ben Roethlisberger,2016-10-02,2016,KC,81.48,300,5,0,152.5,32.0,16.8
Blaine Gabbert,2016-10-02,2016,DAL,69.57,196,1,1,91.9,9.8,14.7
Blake Bortles,2016-10-02,2016,IND,57.58,207,2,0,96.4,16.3,17.0
Brian Hoyer,2016-10-02,2016,DET,77.78,302,2,0,120.1,20.1,13.8
Brock Osweiler,2016-10-02,2016,TEN,67.57,254,2,2,82.5,14.2,13.2
Cam Newton,2016-10-02,2016,ATL,56.00,165,1,0,89.6,10.6,20.4
Carson Palmer,2016-10-02,2016,LA,63.89,288,1,1,86.3,13.5,16.2
Case Keenum,2016-10-02,2016,ARI,60.00,266,2,0,111.2,18.6,8.6
Cody Kessler,2016-10-02,2016,WAS,70.00,223,1,1,81.6,10.9,12.8
Dak Prescott,2016-10-02,2016,SF,71.88,245,2,0,114.7,17.8,15.3
Derek Carr,2016-10-02,2016,BAL,71.43,199,4,0,123.4,24.0,14.1
Drew Brees,2016-10-02,2016,SD,63.89,206,2,2,74.5,12.2,19.2
Jameis Winston,2016-10-02,2016,DEN,48.57,179,0,2,40.1,3.2,13.3
Joe Flacco,2016-10-02,2016,OAK,61.54,298,1,0,83.7,15.9,15.8
Kirk Cousins,2016-10-02,2016,CLE,77.78,183,3,1,116.5,17.3,17.8
Marcus Mariota,2016-10-02,2016,HOU,44.83,202,0,1,54.1,6.1,13.5
Matt Ryan,2016-10-02,2016,CAR,75.68,503,4,1,142.0,34.1,13.5
Matthew Stafford,2016-10-02,2016,CHI,63.89,213,0,2,56.8,4.5,17.9
Philip Rivers,2016-10-02,2016,NO,65.12,321,2,1,93.3,18.8,19.2
Russell Wilson,2016-10-02,2016,NYJ,71.88,309,3,0,133.5,24.4,16.2
Ryan Fitzpatrick,2016-10-02,2016,SEA,56.10,261,1,3,53.0,8.4,12.5
Trevor Siemian,2016-10-02,2016,TB,71.43,68,1,0,141.7,6.7,13.6
Tyrod Taylor,2016-10-02,2016,NE,69.23,246,1,0,94.6,13.8,15.2
Eli Manning,2016-10-03,2016,MIN,55.56,261,0,1,63.3,8.4,15.0
Sam Bradford,2016-10-03,2016,NYG,72.22,262,1,0,101.9,14.5,11.6
Blaine Gabbert,2016-10-06,2016,ARI,58.06,162,1,2,56.1,6.5,12.0
Aaron Rodgers,2016-10-09,2016,NYG,51.11,259,2,2,65.0,14.4,17.0
Andrew Luck,2016-10-09,2016,CHI,71.79,322,2,0,113.4,20.9,17.9
Andy Dalton,2016-10-09,2016,DAL,70.73,269,2,0,104.6,18.8,16.1
Ben Roethlisberger,2016-10-09,2016,NYJ,72.34,380,4,0,124.4,31.2,18.1
Brian Hoyer,2016-10-09,2016,IND,76.74,397,2,0,120.0,23.9,14.2
Brock Osweiler,2016-10-09,2016,MIN,45.24,184,1,1,56.1,9.4,12.6
Carson Wentz,2016-10-09,2016,DET,75.76,238,2,1,102.8,15.5,17.1
Case Keenum,2016-10-09,2016,BUF,67.74,271,0,2,68.1,6.8,9.4
Cody Kessler,2016-10-09,2016,NE,62.50,62,1,0,126.0,6.5,10.6
Dak Prescott,2016-10-09,2016,CIN,75.00,227,1,0,117.9,13.1,13.3
Derek Carr,2016-10-09,2016,SD,62.50,317,2,1,93.4,18.7,14.9
Eli Manning,2016-10-09,2016,GB,51.43,199,1,0,78.2,12.0,14.2
Joe Flacco,2016-10-09,2016,WAS,65.22,210,1,0,82.7,12.4,15.3
Kirk Cousins,2016-10-09,2016,BAL,70.73,260,1,1,85.4,12.4,15.3
Marcus Mariota,2016-10-09,2016,MIA,68.97,163,3,0,117.5,18.5,12.9
Matt Ryan,2016-10-09,2016,DEN,53.57,267,1,0,98.4,14.7,13.4
Matthew Stafford,2016-10-09,2016,PHI,76.00,180,3,0,135.0,19.2,15.5
Philip Rivers,2016-10-09,2016,OAK,70.00,359,4,2,122.1,26.4,16.4
Ryan Fitzpatrick,2016-10-09,2016,PIT,65.79,255,1,0,93.6,14.2,14.8
Ryan Tannehill,2016-10-09,2016,TEN,66.67,191,0,2,62.3,3.6,14.3
Sam Bradford,2016-10-09,2016,HOU,73.33,271,2,0,123.1,18.8,11.0
Tom Brady,2016-10-09,2016,CLE,70.00,406,3,0,127.7,28.2,17.9
Tyrod Taylor,2016-10-09,2016,LA,52.17,124,2,0,97.0,13.0,13.8
Jameis Winston,2016-10-10,2016,CAR,60.00,219,1,0,93.6,12.8,14.5
Philip Rivers,2016-10-13,2016,DEN,62.07,178,1,0,90.9,11.1,13.6
Trevor Siemian,2016-10-13,2016,SD,60.00,230,1,0,77.9,13.2,15.4
Aaron Rodgers,2016-10-16,2016,DAL,73.81,294,1,1,90.8,13.8,19.1
Alex Smith,2016-10-16,2016,OAK,86.36,224,0,0,109.1,9.0,17.9
Andrew Luck,2016-10-16,2016,HOU,65.63,252,1,1,87.0,12.1,15.7
Andy Dalton,2016-10-16,2016,NE,67.74,254,1,0,103.4,14.2,13.9
Ben Roethlisberger,2016-10-16,2016,MIA,55.88,189,1,2,57.1,7.6,19.2
Blake Bortles,2016-10-16,2016,CHI,60.61,271,1,1,84.3,12.8,15.8
Brian Hoyer,2016-10-16,2016,JAX,61.22,302,0,0,78.8,12.1,13.4
Brock Osweiler,2016-10-16,2016,IND,64.10,269,2,1,90.7,16.8,15.1
Cam Newton,2016-10-16,2016,NO,57.45,322,2,1,83.8,18.9,23.4
Carson Wentz,2016-10-16,2016,WAS,50.00,179,0,0,77.7,7.2,16.2
Case Keenum,2016-10-16,2016,DET,84.38,321,3,1,126.7,22.8,10.2
Cody Kessler,2016-10-16,2016,TEN,63.41,336,2,0,105.3,21.4,9.2
Colin Kaepernick,2016-10-16,2016,BUF,44.83,187,1,0,77.8,11.5,13.7
Dak Prescott,2016-10-16,2016,GB,66.67,247,3,1,117.4,19.9,16.0
Derek Carr,2016-10-16,2016,KC,64.71,225,1,1,81.1,11.0,14.2
Drew Brees,2016-10-16,2016,CAR,69.39,465,4,1,118.2,32.6,19.9
Eli Manning,2016-10-16,2016,BAL,69.57,403,3,2,100.2,24.1,12.7
Joe Flacco,2016-10-16,2016,NYG,54.17,307,0,0,73.9,12.3,11.9
Kirk Cousins,2016-10-16,2016,PHI,52.94,263,2,1,85.8,16.5,14.2
Marcus Mariota,2016-10-16,2016,CLE,70.83,284,3,1,132.6,21.4,14.7
Matt Ryan,2016-10-16,2016,SEA,64.29,335,3,1,102.8,23.4,13.5
Matthew Stafford,2016-10-16,2016,LA,74.19,270,4,0,139.8,26.8,15.2
Russell Wilson,2016-10-16,2016,ATL,67.57,270,0,0,88.8,10.8,19.0
Ryan Tannehill,2016-10-16,2016,PIT,75.00,252,0,0,97.4,10.1,13.9
Tom Brady,2016-10-16,2016,CIN,82.86,376,3,0,140.0,27.0,16.7
Tyrod Taylor,2016-10-16,2016,SF,64.00,179,2,0,111.9,15.2,15.8
Carson Palmer,2016-10-17,2016,NYJ,67.65,213,1,0,94.4,12.5,16.9
Ryan Fitzpatrick,2016-10-17,2016,ARI,51.61,174,0,1,55.0,5.0,12.4
Aaron Rodgers,2016-10-20,2016,CHI,69.64,326,3,0,102.2,25.0,19.1
Brian Hoyer,2016-10-20,2016,GB,36.36,49,0,0,50.9,2.0,15.2
Alex Smith,2016-10-23,2016,NO,70.83,214,2,0,126.0,16.6,17.2
Andrew Luck,2016-10-23,2016,TEN,69.23,353,3,0,123.1,26.1,16.5
Andy Dalton,2016-10-23,2016,CLE,67.86,308,2,0,128.3,20.3,18.1
Blake Bortles,2016-10-23,2016,OAK,53.49,246,1,2,58.9,9.8,18.7
Carson Palmer,2016-10-23,2016,SEA,59.18,342,0,0,80.5,13.7,13.4
Carson Wentz,2016-10-23,2016,MIN,57.14,138,1,2,52.4,5.5,13.1
Case Keenum,2016-10-23,2016,NYG,60.38,291,1,4,50.1,7.6,9.8
Cody Kessler,2016-10-23,2016,CIN,81.82,82,0,0,97.7,3.3,10.8
Colin Kaepernick,2016-10-23,2016,TB,47.06,143,1,1,56.4,7.7,15.5
Derek Carr,2016-10-23,2016,JAX,62.16,200,1,0,85.4,12.0,14.8
Drew Brees,2016-10-23,2016,KC,77.08,367,3,1,110.3,24.7,16.7
Eli Manning,2016-10-23,2016,LA,64.86,196,0,0,78.2,7.8,13.6
Jameis Winston,2016-10-23,2016,SF,70.00,269,3,1,117.2,20.8,15.8
Joe Flacco,2016-10-23,2016,NYJ,56.82,248,0,2,54.0,5.9,14.8
Kirk Cousins,2016-10-23,2016,DET,76.92,301,1,0,106.9,16.0,17.5
Marcus Mariota,2016-10-23,2016,IND,59.46,232,2,0,95.8,17.3,15.5
Matt Ryan,2016-10-23,2016,SD,64.71,273,1,1,87.0,12.9,19.0
Matthew Stafford,2016-10-23,2016,WAS,62.07,266,1,0,103.5,14.6,17.4
Philip Rivers,2016-10-23,2016,ATL,61.36,371,1,1,86.5,16.8,17.3
Russell Wilson,2016-10-23,2016,ARI,64.86,225,0,0,81.5,9.0,14.8
Ryan Fitzpatrick,2016-10-23,2016,BAL,64.29,120,1,0,115.2,8.8,0.0
Ryan Tannehill,2016-10-23,2016,BUF,60.00,204,1,0,99.4,12.2,12.5
Sam Bradford,2016-10-23,2016,PHI,58.54,224,1,1,71.6,11.0,11.8
Tom Brady,2016-10-23,2016,PIT,73.08,222,2,0,124.2,16.9,19.5
Tyrod Taylor,2016-10-23,2016,MIA,50.00,221,1,0,88.5,12.8,16.5
Brock Osweiler,2016-10-24,2016,DEN,53.66,131,0,0,60.1,5.2,10.1
Trevor Siemian,2016-10-24,2016,HOU,56.00,157,1,0,88.2,10.3,11.1
Blake Bortles,2016-10-27,2016,TEN,61.11,337,3,0,97.5,25.5,13.6
Marcus Mariota,2016-10-27,2016,JAX,81.82,270,2,0,148.1,18.8,14.6
Aaron Rodgers,2016-10-30,2016,ATL,73.68,246,4,0,125.5,25.8,20.7
Alex Smith,2016-10-30,2016,IND,47.37,127,1,0,87.0,9.1,16.6
Andrew Luck,2016-10-30,2016,KC,54.29,210,2,1,79.5,14.4,16.2
Andy Dalton,2016-10-30,2016,WAS,64.29,284,1,1,81.8,13.4,14.9
Brock Osweiler,2016-10-30,2016,DET,68.97,186,1,1,83.4,9.4,14.5
Cam Newton,2016-10-30,2016,ARI,51.85,212,0,0,78.0,8.5,17.0
Carson Palmer,2016-10-30,2016,CAR,76.09,363,3,1,111.1,24.5,16.5
Carson Wentz,2016-10-30,2016,DAL,74.42,202,1,0,91.4,12.1,16.5
Dak Prescott,2016-10-30,2016,PHI,48.72,287,2,1,79.8,17.5,15.1
Derek Carr,2016-10-30,2016,TB,67.80,513,4,0,117.4,36.5,15.5
Drew Brees,2016-10-30,2016,SEA,77.14,265,1,0,107.4,14.6,17.1
Jameis Winston,2016-10-30,2016,OAK,50.00,180,2,0,88.0,15.2,18.9
Josh McCown,2016-10-30,2016,NYJ,51.02,341,2,2,70.2,17.6,13.5
Kirk Cousins,2016-10-30,2016,CIN,67.86,458,2,1,97.2,24.3,14.5
Matt Ryan,2016-10-30,2016,GB,80.00,288,3,0,129.5,23.5,18.0
Matthew Stafford,2016-10-30,2016,HOU,65.85,240,1,0,89.5,13.6,15.2
Nick Foles,2016-10-30,2016,IND,72.73,223,2,0,135.2,16.9,0.0
Philip Rivers,2016-10-30,2016,DEN,42.55,267,2,3,48.8,12.7,13.2
Russell Wilson,2016-10-30,2016,NO,64.71,253,0,1,74.8,8.1,18.9
Ryan Fitzpatrick,2016-10-30,2016,CLE,47.06,228,1,0,79.0,13.1,15.9
Tom Brady,2016-10-30,2016,BUF,66.67,315,4,0,137.0,28.6,17.3
Trevor Siemian,2016-10-30,2016,SD,52.63,276,0,1,65.2,9.0,14.0
Tyrod Taylor,2016-10-30,2016,NE,50.00,183,0,0,63.8,7.3,14.1
Jay Cutler,2016-10-31,2016,MIN,64.52,252,1,0,100.5,14.1,10.5
Sam Bradford,2016-10-31,2016,CHI,62.16,228,1,0,88.6,13.1,12.6
Jameis Winston,2016-11-03,2016,ATL,62.16,261,3,0,110.3,22.4,18.1
Matt Ryan,2016-11-03,2016,TB,73.53,344,4,0,144.7,29.8,17.3
Aaron Rodgers,2016-11-06,2016,IND,60.47,297,3,1,94.8,21.9,22.1
Andrew Luck,2016-11-06,2016,GB,63.89,281,1,2,74.0,11.2,18.0
Ben Roethlisberger,2016-11-06,2016,BAL,51.11,264,1,1,67.3,12.6,15.6
Blake Bortles,2016-11-06,2016,KC,53.66,252,2,1,78.5,16.1,14.4
Cam Newton,2016-11-06,2016,LA,62.50,225,1,0,93.9,13.0,17.5
Carson Wentz,2016-11-06,2016,NYG,57.45,364,0,2,64.5,10.6,12.5
Case Keenum,2016-11-06,2016,CAR,58.70,296,1,1,76.0,13.8,12.8
Cody Kessler,2016-11-06,2016,DAL,70.37,203,1,0,104.4,12.1,12.8
Colin Kaepernick,2016-11-06,2016,NO,61.54,398,2,1,102.3,21.9,15.6
Dak Prescott,2016-11-06,2016,CLE,77.78,247,3,0,141.8,21.9,16.2
Derek Carr,2016-11-06,2016,DEN,64.52,184,0,0,80.6,7.4,13.4
Drew Brees,2016-11-06,2016,SF,71.79,323,3,0,122.1,24.9,19.8
Eli Manning,2016-11-06,2016,PHI,61.11,257,4,2,96.6,22.3,11.2
Joe Flacco,2016-11-06,2016,PIT,60.00,241,1,1,82.8,11.6,14.1
Marcus Mariota,2016-11-06,2016,SD,62.79,313,3,2,88.6,20.5,15.1
Matthew Stafford,2016-11-06,2016,MIN,63.89,219,2,1,87.6,14.8,14.4
Nick Foles,2016-11-06,2016,JAX,60.61,187,1,0,86.3,11.5,14.1
Philip Rivers,2016-11-06,2016,TEN,72.73,275,2,0,117.6,19.0,15.1
Ryan Fitzpatrick,2016-11-06,2016,MIA,59.26,194,1,2,62.9,7.8,12.8
Ryan Tannehill,2016-11-06,2016,NYJ,60.71,149,1,0,86.8,10.0,13.5
Sam Bradford,2016-11-06,2016,DET,77.50,273,1,0,103.4,14.9,13.4
Trevor Siemian,2016-11-06,2016,OAK,48.65,283,2,1,81.2,17.3,13.7
Russell Wilson,2016-11-07,2016,BUF,76.92,282,2,0,137.0,19.3,15.1
Tyrod Taylor,2016-11-07,2016,SEA,71.05,289,1,1,90.8,13.6,12.7
Cody Kessler,2016-11-10,2016,BAL,61.11,91,1,0,92.6,7.6,11.9
Joe Flacco,2016-11-10,2016,CLE,73.17,296,3,2,97.2,19.8,14.0
Josh McCown,2016-11-10,2016,BAL,46.15,59,0,2,19.9,-1.6,0.0
Aaron Rodgers,2016-11-13,2016,TEN,60.78,371,2,2,79.8,18.8,19.5
Alex Smith,2016-11-13,2016,CAR,65.79,178,0,1,65.5,5.1,15.6
Ben Roethlisberger,2016-11-13,2016,DAL,80.43,408,3,0,125.4,28.3,17.6
Blake Bortles,2016-11-13,2016,HOU,65.31,265,2,1,84.1,16.6,14.9
Brock Osweiler,2016-11-13,2016,JAX,51.85,99,2,0,85.3,12.0,12.4
Cam Newton,2016-11-13,2016,KC,60.53,261,1,1,78.9,12.4,18.7
Carson Palmer,2016-11-13,2016,SF,61.22,376,1,2,74.9,15.0,17.6
Carson Wentz,2016-11-13,2016,ATL,69.44,231,0,0,86.7,9.2,14.9
Case Keenum,2016-11-13,2016,NYJ,56.67,165,0,0,72.2,6.6,10.9
Colin Kaepernick,2016-11-13,2016,ARI,56.67,210,1,0,89.6,12.4,11.6
Dak Prescott,2016-11-13,2016,PIT,68.75,319,2,0,121.7,20.8,16.8
Drew Brees,2016-11-13,2016,DEN,72.41,303,3,2,111.7,20.1,15.6
Jameis Winston,2016-11-13,2016,CHI,69.70,312,2,1,107.1,18.5,16.4
Jay Cutler,2016-11-13,2016,TB,53.33,182,1,2,55.1,7.3,13.3
Kirk Cousins,2016-11-13,2016,MIN,66.67,262,2,0,110.9,18.5,12.7
Marcus Mariota,2016-11-13,2016,GB,73.08,295,4,0,149.8,27.8,14.2
Matt Ryan,2016-11-13,2016,PHI,54.55,267,1,1,78.7,12.7,15.1
Philip Rivers,2016-11-13,2016,MIA,52.27,326,3,4,61.4,17.0,16.2
Russell Wilson,2016-11-13,2016,NE,67.57,348,3,0,124.6,25.9,14.0
Ryan Tannehill,2016-11-13,2016,SD,70.83,240,2,0,130.6,17.6,12.0
Sam Bradford,2016-11-13,2016,WAS,77.50,307,2,1,104.9,18.3,11.3
Tom Brady,2016-11-13,2016,SEA,71.88,316,0,1,90.1,10.6,17.0
Trevor Siemian,2016-11-13,2016,NO,62.50,258,2,2,76.9,14.3,13.2
Andy Dalton,2016-11-14,2016,NYG,55.17,204,1,1,74.5,10.2,14.8
Eli Manning,2016-11-14,2016,CIN,63.64,240,3,2,81.6,17.6,14.7