"Game","Name.x","Date","Season.x","Opponent","Comp...x","Passing.Yards.x","TDs.x","INTs.x","Rating.x","Points","Proj.Points","Name.y","Season.y","Games.Played","Rating.y","Rank","Passing.Yards.y","TDs.y","INTs.y","Comp...y"
"27","ARI2016","Tyrod Taylor","2016-09-25",2016,"ARI",56,119,0,1,51.9,2.8,15.6,"ARI",2016,11,74.27,3,2146,9,10,"60.99%"
"28","ARI2016","Case Keenum","2016-10-02",2016,"ARI",60,266,2,0,111.2,18.6,8.6,"ARI",2016,11,74.27,3,2146,9,10,"60.99%"
"29","ARI2016","Ryan Fitzpatrick","2016-10-17",2016,"ARI",51.61,174,0,1,55,5,12.4,"ARI",2016,11,74.27,3,2146,9,10,"60.99%"
"30","ARI2016","Russell Wilson","2016-10-23",2016,"ARI",64.86,225,0,0,81.5,9,14.8,"ARI",2016,11,74.27,3,2146,9,10,"60.99%"
"31","ARI2016","Cam Newton","2016-10-30",2016,"ARI",51.85,212,0,0,78,8.5,17,"ARI",2016,11,74.27,3,2146,9,10,"60.99%"
"32","ARI2016","Colin Kaepernick","2016-11-13",2016,"ARI",56.67,210,1,0,89.6,12.4,11.6,"ARI",2016,11,74.27,3,2146,9,10,"60.99%"
"33","ARI2016","Jameis Winston","2016-09-18",2016,"ARI",51.92,243,1,4,39.2,5.7,14.8,"ARI",2016,11,74.27,3,2146,9,10,"60.99%"
"34","ARI2016","Blaine Gabbert","2016-10-06",2016,"ARI",58.06,162,1,2,56.1,6.5,12,"ARI",2016,11,74.27,3,2146,9,10,"60.99%"
"61","ATL2016","Aaron Rodgers","2016-10-30",2016,"ATL",73.68,246,4,0,125.5,25.8,20.7,"ATL",2016,11,97.51,26,3104,25,7,"66.95%"
"62","ATL2016","Drew Brees","2016-09-26",2016,"ATL",66.67,376,3,1,97.5,25,18.6,"ATL",2016,11,97.51,26,3104,25,7,"66.95%"
"63","ATL2016","Philip Rivers","2016-10-23",2016,"ATL",61.36,371,1,1,86.5,16.8,17.3,"ATL",2016,11,97.51,26,3104,25,7,"66.95%"
"64","ATL2016","Cam Newton","2016-10-02",2016,"ATL",56,165,1,0,89.6,10.6,20.4,"ATL",2016,11,97.51,26,3104,25,7,"66.95%"
"65","ATL2016","Jameis Winston","2016-09-11",2016,"ATL",71.88,281,4,1,125.1,25.2,14.4,"ATL",2016,11,97.51,26,3104,25,7,"66.95%"
"66","ATL2016","Jameis Winston","2016-11-03",2016,"ATL",62.16,261,3,0,110.3,22.4,18.1,"ATL",2016,11,97.51,26,3104,25,7,"66.95%"
"67","ATL2016","Russell Wilson","2016-10-16",2016,"ATL",67.57,270,0,0,88.8,10.8,19,"ATL",2016,11,97.51,26,3104,25,7,"66.95%"
"68","ATL2016","Derek Carr","2016-09-18",2016,"ATL",75.56,299,3,0,115,24,14.9,"ATL",2016,11,97.51,26,3104,25,7,"66.95%"
"69","ATL2016","Carson Wentz","2016-11-13",2016,"ATL",69.44,231,0,0,86.7,9.2,14.9,"ATL",2016,11,97.51,26,3104,25,7,"66.95%"
"96","BAL2016","Tyrod Taylor","2016-09-11",2016,"BAL",68.18,111,0,0,79.9,4.4,17,"BAL",2016,11,85.75,10,2452,20,11,"63.22%"
"97","BAL2016","Ryan Fitzpatrick","2016-10-23",2016,"BAL",64.29,120,1,0,115.2,8.8,0,"BAL",2016,11,85.75,10,2452,20,11,"63.22%"
"98","BAL2016","Josh McCown","2016-11-10",2016,"BAL",46.15,59,0,2,19.9,-1.6,0,"BAL",2016,11,85.75,10,2452,20,11,"63.22%"
"99","BAL2016","Ben Roethlisberger","2016-11-06",2016,"BAL",51.11,264,1,1,67.3,12.6,15.6,"BAL",2016,11,85.75,10,2452,20,11,"63.22%"
"100","BAL2016","Eli Manning","2016-10-16",2016,"BAL",69.57,403,3,2,100.2,24.1,12.7,"BAL",2016,11,85.75,10,2452,20,11,"63.22%"
"101","BAL2016","Derek Carr","2016-10-02",2016,"BAL",71.43,199,4,0,123.4,24,14.1,"BAL",2016,11,85.75,10,2452,20,11,"63.22%"
"102","BAL2016","Blake Bortles","2016-09-25",2016,"BAL",63.16,194,2,3,60.6,9.8,17.1,"BAL",2016,11,85.75,10,2452,20,11,"63.22%"
"103","BAL2016","Kirk Cousins","2016-10-09",2016,"BAL",70.73,260,1,1,85.4,12.4,15.3,"BAL",2016,11,85.75,10,2452,20,11,"63.22%"
"104","BAL2016","Josh McCown","2016-09-18",2016,"BAL",60.61,260,2,2,80.4,14.4,14.2,"BAL",2016,11,85.75,10,2452,20,11,"63.22%"
"105","BAL2016","Cody Kessler","2016-11-10",2016,"BAL",61.11,91,1,0,92.6,7.6,11.9,"BAL",2016,11,85.75,10,2452,20,11,"63.22%"
"133","BUF2016","Tom Brady","2016-10-30",2016,"BUF",66.67,315,4,0,137,28.6,17.3,"BUF",2016,11,84.77,8,2505,13,8,"60.78%"
"134","BUF2016","Case Keenum","2016-10-09",2016,"BUF",67.74,271,0,2,68.1,6.8,9.4,"BUF",2016,11,84.77,8,2505,13,8,"60.78%"
"135","BUF2016","Joe Flacco","2016-09-11",2016,"BUF",66.67,258,1,0,100.3,14.3,13.5,"BUF",2016,11,84.77,8,2505,13,8,"60.78%"
"136","BUF2016","Carson Palmer","2016-09-25",2016,"BUF",52,287,0,4,36,3.5,16.5,"BUF",2016,11,84.77,8,2505,13,8,"60.78%"
"137","BUF2016","Ryan Fitzpatrick","2016-09-15",2016,"BUF",70.59,374,1,0,116.5,19,14.7,"BUF",2016,11,84.77,8,2505,13,8,"60.78%"
"138","BUF2016","Ryan Tannehill","2016-10-23",2016,"BUF",60,204,1,0,99.4,12.2,12.5,"BUF",2016,11,84.77,8,2505,13,8,"60.78%"
"139","BUF2016","Russell Wilson","2016-11-07",2016,"BUF",76.92,282,2,0,137,19.3,15.1,"BUF",2016,11,84.77,8,2505,13,8,"60.78%"
"140","BUF2016","Colin Kaepernick","2016-10-16",2016,"BUF",44.83,187,1,0,77.8,11.5,13.7,"BUF",2016,11,84.77,8,2505,13,8,"60.78%"
"168","CAR2016","Trevor Siemian","2016-09-08",2016,"CAR",69.23,178,1,2,69.1,7.1,9.7,"CAR",2016,11,93.84,24,3027,21,11,"67.06%"
"169","CAR2016","Drew Brees","2016-10-16",2016,"CAR",69.39,465,4,1,118.2,32.6,19.9,"CAR",2016,11,93.84,24,3027,21,11,"67.06%"
"170","CAR2016","Matt Ryan","2016-10-02",2016,"CAR",75.68,503,4,1,142,34.1,13.5,"CAR",2016,11,93.84,24,3027,21,11,"67.06%"
"171","CAR2016","Carson Palmer","2016-10-30",2016,"CAR",76.09,363,3,1,111.1,24.5,16.5,"CAR",2016,11,93.84,24,3027,21,11,"67.06%"
"172","CAR2016","Case Keenum","2016-11-06",2016,"CAR",58.7,296,1,1,76,13.8,12.8,"CAR",2016,11,93.84,24,3027,21,11,"67.06%"
"173","CAR2016","Jameis Winston","2016-10-10",2016,"CAR",60,219,1,0,93.6,12.8,14.5,"CAR",2016,11,93.84,24,3027,21,11,"67.06%"
"174","CAR2016","Sam Bradford","2016-09-25",2016,"CAR",64.29,171,1,0,93,10.8,11.3,"CAR",2016,11,93.84,24,3027,21,11,"67.06%"
"175","CAR2016","Alex Smith","2016-11-13",2016,"CAR",65.79,178,0,1,65.5,5.1,15.6,"CAR",2016,11,93.84,24,3027,21,11,"67.06%"
"176","CAR2016","Blaine Gabbert","2016-09-18",2016,"CAR",47.22,243,2,2,64.9,13.7,11.3,"CAR",2016,11,93.84,24,3027,21,11,"67.06%"
"202","CHI2016","Aaron Rodgers","2016-10-20",2016,"CHI",69.64,326,3,0,102.2,25,19.1,"CHI",2016,11,94.68,25,2638,17,5,"65.80%"
"203","CHI2016","Dak Prescott","2016-09-25",2016,"CHI",79.17,248,1,0,123.6,13.9,16,"CHI",2016,11,94.68,25,2638,17,5,"65.80%"
"204","CHI2016","Carson Wentz","2016-09-19",2016,"CHI",61.76,190,1,0,86.6,11.6,13.1,"CHI",2016,11,94.68,25,2638,17,5,"65.80%"
"205","CHI2016","Brock Osweiler","2016-09-11",2016,"CHI",62.86,231,2,1,89.1,15.2,15.4,"CHI",2016,11,94.68,25,2638,17,5,"65.80%"
"206","CHI2016","Andrew Luck","2016-10-09",2016,"CHI",71.79,322,2,0,113.4,20.9,17.9,"CHI",2016,11,94.68,25,2638,17,5,"65.80%"
"207","CHI2016","Sam Bradford","2016-10-31",2016,"CHI",62.16,228,1,0,88.6,13.1,12.6,"CHI",2016,11,94.68,25,2638,17,5,"65.80%"
"208","CHI2016","Blake Bortles","2016-10-16",2016,"CHI",60.61,271,1,1,84.3,12.8,15.8,"CHI",2016,11,94.68,25,2638,17,5,"65.80%"
"209","CHI2016","Jameis Winston","2016-11-13",2016,"CHI",69.7,312,2,1,107.1,18.5,16.4,"CHI",2016,11,94.68,25,2638,17,5,"65.80%"
"210","CHI2016","Matthew Stafford","2016-10-02",2016,"CHI",63.89,213,0,2,56.8,4.5,17.9,"CHI",2016,11,94.68,25,2638,17,5,"65.80%"
"235","CIN2016","Cody Kessler","2016-10-23",2016,"CIN",81.82,82,0,0,97.7,3.3,10.8,"CIN",2016,11,90.84,16,2706,20,11,"65.30%"
"236","CIN2016","Kirk Cousins","2016-10-30",2016,"CIN",67.86,458,2,1,97.2,24.3,14.5,"CIN",2016,11,90.84,16,2706,20,11,"65.30%"
"237","CIN2016","Dak Prescott","2016-10-09",2016,"CIN",75,227,1,0,117.9,13.1,13.3,"CIN",2016,11,90.84,16,2706,20,11,"65.30%"
"238","CIN2016","Tom Brady","2016-10-16",2016,"CIN",82.86,376,3,0,140,27,16.7,"CIN",2016,11,90.84,16,2706,20,11,"65.30%"
"239","CIN2016","Ryan Fitzpatrick","2016-09-11",2016,"CIN",54.29,189,2,1,77,13.6,14.5,"CIN",2016,11,90.84,16,2706,20,11,"65.30%"
"240","CIN2016","Ben Roethlisberger","2016-09-18",2016,"CIN",51.35,259,3,2,78.5,18.4,15,"CIN",2016,11,90.84,16,2706,20,11,"65.30%"
"241","CIN2016","Ryan Tannehill","2016-09-29",2016,"CIN",60,189,1,1,80.2,9.6,12.9,"CIN",2016,11,90.84,16,2706,20,11,"65.30%"
"242","CIN2016","Eli Manning","2016-11-14",2016,"CIN",63.64,240,3,2,81.6,17.6,14.7,"CIN",2016,11,90.84,16,2706,20,11,"65.30%"
"243","CIN2016","Trevor Siemian","2016-09-25",2016,"CIN",65.71,312,4,0,132.1,28.5,9.7,"CIN",2016,11,90.84,16,2706,20,11,"65.30%"
"270","CLE2016","Tom Brady","2016-10-09",2016,"CLE",70,406,3,0,127.7,28.2,17.9,"CLE",2016,12,102.54,30,3113,28,8,"64.62%"
"271","CLE2016","Joe Flacco","2016-11-10",2016,"CLE",73.17,296,3,2,97.2,19.8,14,"CLE",2016,12,102.54,30,3113,28,8,"64.62%"
"272","CLE2016","Carson Wentz","2016-09-11",2016,"CLE",59.46,278,2,0,101,19.1,16.1,"CLE",2016,12,102.54,30,3113,28,8,"64.62%"
"273","CLE2016","Marcus Mariota","2016-10-16",2016,"CLE",70.83,284,3,1,132.6,21.4,14.7,"CLE",2016,12,102.54,30,3113,28,8,"64.62%"
"274","CLE2016","Ryan Tannehill","2016-09-25",2016,"CLE",64.1,319,3,2,93.9,20.8,17.1,"CLE",2016,12,102.54,30,3113,28,8,"64.62%"
"275","CLE2016","Andy Dalton","2016-10-23",2016,"CLE",67.86,308,2,0,128.3,20.3,18.1,"CLE",2016,12,102.54,30,3113,28,8,"64.62%"
"276","CLE2016","Joe Flacco","2016-09-18",2016,"CLE",55.56,302,2,2,72.6,16.1,16,"CLE",2016,12,102.54,30,3113,28,8,"64.62%"
"277","CLE2016","Ryan Fitzpatrick","2016-10-30",2016,"CLE",47.06,228,1,0,79,13.1,15.9,"CLE",2016,12,102.54,30,3113,28,8,"64.62%"
"278","CLE2016","Kirk Cousins","2016-10-02",2016,"CLE",77.78,183,3,1,116.5,17.3,17.8,"CLE",2016,12,102.54,30,3113,28,8,"64.62%"
"279","CLE2016","Dak Prescott","2016-11-06",2016,"CLE",77.78,247,3,0,141.8,21.9,16.2,"CLE",2016,12,102.54,30,3113,28,8,"64.62%"
"306","DAL2016","Brian Hoyer","2016-09-25",2016,"DAL",61.22,317,2,0,93.7,20.7,0,"DAL",2016,11,101.01,29,3084,19,4,"70.28%"
"307","DAL2016","Kirk Cousins","2016-09-18",2016,"DAL",60.87,364,1,1,84,16.6,16.7,"DAL",2016,11,101.01,29,3084,19,4,"70.28%"
"308","DAL2016","Ben Roethlisberger","2016-11-13",2016,"DAL",80.43,408,3,0,125.4,28.3,17.6,"DAL",2016,11,101.01,29,3084,19,4,"70.28%"
"309","DAL2016","Aaron Rodgers","2016-10-16",2016,"DAL",73.81,294,1,1,90.8,13.8,19.1,"DAL",2016,11,101.01,29,3084,19,4,"70.28%"
"310","DAL2016","Cody Kessler","2016-11-06",2016,"DAL",70.37,203,1,0,104.4,12.1,12.8,"DAL",2016,11,101.01,29,3084,19,4,"70.28%"
"311","DAL2016","Carson Wentz","2016-10-30",2016,"DAL",74.42,202,1,0,91.4,12.1,16.5,"DAL",2016,11,101.01,29,3084,19,4,"70.28%"
"312","DAL2016","Andy Dalton","2016-10-09",2016,"DAL",70.73,269,2,0,104.6,18.8,16.1,"DAL",2016,11,101.01,29,3084,19,4,"70.28%"
"313","DAL2016","Eli Manning","2016-09-11",2016,"DAL",67.86,207,3,1,110.3,18.3,18.3,"DAL",2016,11,101.01,29,3084,19,4,"70.28%"
"314","DAL2016","Blaine Gabbert","2016-10-02",2016,"DAL",69.57,196,1,1,91.9,9.8,14.7,"DAL",2016,11,101.01,29,3084,19,4,"70.28%"
"341","DEN2016","Cam Newton","2016-09-08",2016,"DEN",54.55,194,1,1,69.5,9.8,16.9,"DEN",2016,11,69.88,1,2133,10,10,"56.44%"
"342","DEN2016","Andy Dalton","2016-09-25",2016,"DEN",67.74,206,0,1,72.8,6.2,13.5,"DEN",2016,11,69.88,1,2133,10,10,"56.44%"
"343","DEN2016","Derek Carr","2016-11-06",2016,"DEN",64.52,184,0,0,80.6,7.4,13.4,"DEN",2016,11,69.88,1,2133,10,10,"56.44%"
"344","DEN2016","Matt Ryan","2016-10-09",2016,"DEN",53.57,267,1,0,98.4,14.7,13.4,"DEN",2016,11,69.88,1,2133,10,10,"56.44%"
"345","DEN2016","Drew Brees","2016-11-13",2016,"DEN",72.41,303,3,2,111.7,20.1,15.6,"DEN",2016,11,69.88,1,2133,10,10,"56.44%"
"346","DEN2016","Philip Rivers","2016-10-30",2016,"DEN",42.55,267,2,3,48.8,12.7,13.2,"DEN",2016,11,69.88,1,2133,10,10,"56.44%"
"347","DEN2016","Andrew Luck","2016-09-18",2016,"DEN",52.5,197,1,1,64.3,9.9,14.2,"DEN",2016,11,69.88,1,2133,10,10,"56.44%"
"348","DEN2016","Philip Rivers","2016-10-13",2016,"DEN",62.07,178,1,0,90.9,11.1,13.6,"DEN",2016,11,69.88,1,2133,10,10,"56.44%"
"349","DEN2016","Jameis Winston","2016-10-02",2016,"DEN",48.57,179,0,2,40.1,3.2,13.3,"DEN",2016,11,69.88,1,2133,10,10,"56.44%"
"350","DEN2016","Brock Osweiler","2016-10-24",2016,"DEN",53.66,131,0,0,60.1,5.2,10.1,"DEN",2016,11,69.88,1,2133,10,10,"56.44%"
"373","DET2016","Aaron Rodgers","2016-09-25",2016,"DET",62.5,205,4,0,129.3,24.2,19.2,"DET",2016,11,105.11,32,2760,22,7,"74.03%"
"374","DET2016","Andrew Luck","2016-09-11",2016,"DET",65.96,385,4,0,119.5,31.4,17.9,"DET",2016,11,105.11,32,2760,22,7,"74.03%"
"375","DET2016","Brian Hoyer","2016-10-02",2016,"DET",77.78,302,2,0,120.1,20.1,13.8,"DET",2016,11,105.11,32,2760,22,7,"74.03%"
"376","DET2016","Sam Bradford","2016-11-06",2016,"DET",77.5,273,1,0,103.4,14.9,13.4,"DET",2016,11,105.11,32,2760,22,7,"74.03%"
"377","DET2016","Kirk Cousins","2016-10-23",2016,"DET",76.92,301,1,0,106.9,16,17.5,"DET",2016,11,105.11,32,2760,22,7,"74.03%"
"378","DET2016","Carson Wentz","2016-10-09",2016,"DET",75.76,238,2,1,102.8,15.5,17.1,"DET",2016,11,105.11,32,2760,22,7,"74.03%"
"379","DET2016","Marcus Mariota","2016-09-18",2016,"DET",75.76,238,2,1,102.8,15.5,15.2,"DET",2016,11,105.11,32,2760,22,7,"74.03%"
"380","DET2016","Case Keenum","2016-10-16",2016,"DET",84.38,321,3,1,126.7,22.8,10.2,"DET",2016,11,105.11,32,2760,22,7,"74.03%"
"381","DET2016","Brock Osweiler","2016-10-30",2016,"DET",68.97,186,1,1,83.4,9.4,14.5,"DET",2016,11,105.11,32,2760,22,7,"74.03%"
"405","GB2016","Marcus Mariota","2016-11-13",2016,"GB",73.08,295,4,0,149.8,27.8,14.2,"GB",2016,11,100.19,28,2867,22,8,"65.01%"
"406","GB2016","Blake Bortles","2016-09-11",2016,"GB",61.54,320,1,1,85.4,14.8,14.4,"GB",2016,11,100.19,28,2867,22,8,"65.01%"
"407","GB2016","Andrew Luck","2016-11-06",2016,"GB",63.89,281,1,2,74,11.2,18,"GB",2016,11,100.19,28,2867,22,8,"65.01%"
"408","GB2016","Dak Prescott","2016-10-16",2016,"GB",66.67,247,3,1,117.4,19.9,16,"GB",2016,11,100.19,28,2867,22,8,"65.01%"
"409","GB2016","Brian Hoyer","2016-10-20",2016,"GB",36.36,49,0,0,50.9,2,15.2,"GB",2016,11,100.19,28,2867,22,8,"65.01%"
"410","GB2016","Matthew Stafford","2016-09-25",2016,"GB",68.29,385,3,1,112.3,25.4,16.6,"GB",2016,11,100.19,28,2867,22,8,"65.01%"
"411","GB2016","Matt Ryan","2016-10-30",2016,"GB",80,288,3,0,129.5,23.5,18,"GB",2016,11,100.19,28,2867,22,8,"65.01%"
"412","GB2016","Sam Bradford","2016-09-18",2016,"GB",70.97,286,2,0,121.2,19.4,10.6,"GB",2016,11,100.19,28,2867,22,8,"65.01%"
"413","GB2016","Eli Manning","2016-10-09",2016,"GB",51.43,199,1,0,78.2,12,14.2,"GB",2016,11,100.19,28,2867,22,8,"65.01%"
"437","HOU2016","Matthew Stafford","2016-10-30",2016,"HOU",65.85,240,1,0,89.5,13.6,15.2,"HOU",2016,11,87.32,13,2301,14,6,"62.22%"
"438","HOU2016","Sam Bradford","2016-10-09",2016,"HOU",73.33,271,2,0,123.1,18.8,11,"HOU",2016,11,87.32,13,2301,14,6,"62.22%"
"439","HOU2016","Jay Cutler","2016-09-11",2016,"HOU",55.17,216,1,1,76.2,10.6,11.7,"HOU",2016,11,87.32,13,2301,14,6,"62.22%"
"440","HOU2016","Andrew Luck","2016-10-16",2016,"HOU",65.63,252,1,1,87,12.1,15.7,"HOU",2016,11,87.32,13,2301,14,6,"62.22%"
"441","HOU2016","Trevor Siemian","2016-10-24",2016,"HOU",56,157,1,0,88.2,10.3,11.1,"HOU",2016,11,87.32,13,2301,14,6,"62.22%"
"442","HOU2016","Alex Smith","2016-09-18",2016,"HOU",54.05,186,0,0,68.1,7.4,17.5,"HOU",2016,11,87.32,13,2301,14,6,"62.22%"
"443","HOU2016","Blake Bortles","2016-11-13",2016,"HOU",65.31,265,2,1,84.1,16.6,14.9,"HOU",2016,11,87.32,13,2301,14,6,"62.22%"
"444","HOU2016","Marcus Mariota","2016-10-02",2016,"HOU",44.83,202,0,1,54.1,6.1,13.5,"HOU",2016,11,87.32,13,2301,14,6,"62.22%"
"469","IND2016","Nick Foles","2016-10-30",2016,"IND",72.73,223,2,0,135.2,16.9,0,"IND",2016,11,103.54,31,3066,22,3,"66.01%"
"470","IND2016","Marcus Mariota","2016-10-23",2016,"IND",59.46,232,2,0,95.8,17.3,15.5,"IND",2016,11,103.54,31,3066,22,3,"66.01%"
"471","IND2016","Alex Smith","2016-10-30",2016,"IND",47.37,127,1,0,87,9.1,16.6,"IND",2016,11,103.54,31,3066,22,3,"66.01%"
"472","IND2016","Brian Hoyer","2016-10-09",2016,"IND",76.74,397,2,0,120,23.9,14.2,"IND",2016,11,103.54,31,3066,22,3,"66.01%"
"473","IND2016","Brock Osweiler","2016-10-16",2016,"IND",64.1,269,2,1,90.7,16.8,15.1,"IND",2016,11,103.54,31,3066,22,3,"66.01%"
"474","IND2016","Blake Bortles","2016-10-02",2016,"IND",57.58,207,2,0,96.4,16.3,17,"IND",2016,11,103.54,31,3066,22,3,"66.01%"
"475","IND2016","Aaron Rodgers","2016-11-06",2016,"IND",60.47,297,3,1,94.8,21.9,22.1,"IND",2016,11,103.54,31,3066,22,3,"66.01%"
"476","IND2016","Matthew Stafford","2016-09-11",2016,"IND",79.49,340,3,0,128.6,25.6,17.9,"IND",2016,11,103.54,31,3066,22,3,"66.01%"
"477","IND2016","Trevor Siemian","2016-09-18",2016,"IND",66.67,266,0,1,78.6,8.6,12.6,"IND",2016,11,103.54,31,3066,22,3,"66.01%"
"478","IND2016","Philip Rivers","2016-09-25",2016,"IND",66.67,326,0,0,92.5,13,18.6,"IND",2016,11,103.54,31,3066,22,3,"66.01%"
"505","JAX2016","Joe Flacco","2016-09-25",2016,"JAX",72.5,214,0,2,64,4.6,14.5,"JAX",2016,11,92.65,22,2247,15,3,"65.10%"
"506","JAX2016","Nick Foles","2016-11-06",2016,"JAX",60.61,187,1,0,86.3,11.5,14.1,"JAX",2016,11,92.65,22,2247,15,3,"65.10%"
"507","JAX2016","Marcus Mariota","2016-10-27",2016,"JAX",81.82,270,2,0,148.1,18.8,14.6,"JAX",2016,11,92.65,22,2247,15,3,"65.10%"
"508","JAX2016","Philip Rivers","2016-09-18",2016,"JAX",70.83,220,4,0,138.9,24.8,16.4,"JAX",2016,11,92.65,22,2247,15,3,"65.10%"
"509","JAX2016","Brock Osweiler","2016-11-13",2016,"JAX",51.85,99,2,0,85.3,12,12.4,"JAX",2016,11,92.65,22,2247,15,3,"65.10%"
"510","JAX2016","Brian Hoyer","2016-10-16",2016,"JAX",61.22,302,0,0,78.8,12.1,13.4,"JAX",2016,11,92.65,22,2247,15,3,"65.10%"
"511","JAX2016","Andrew Luck","2016-10-02",2016,"JAX",64.29,234,2,1,84.8,15.4,17.4,"JAX",2016,11,92.65,22,2247,15,3,"65.10%"
"512","JAX2016","Aaron Rodgers","2016-09-11",2016,"JAX",58.82,199,2,0,95.1,16,19.6,"JAX",2016,11,92.65,22,2247,15,3,"65.10%"
"513","JAX2016","Derek Carr","2016-10-23",2016,"JAX",62.16,200,1,0,85.4,12,14.8,"JAX",2016,11,92.65,22,2247,15,3,"65.10%"
"534","KC2016","Cam Newton","2016-11-13",2016,"KC",60.53,261,1,1,78.9,12.4,18.7,"KC",2016,11,85.89,11,2866,20,13,"61.86%"
"535","KC2016","Blake Bortles","2016-11-06",2016,"KC",53.66,252,2,1,78.5,16.1,14.4,"KC",2016,11,85.89,11,2866,20,13,"61.86%"
"536","KC2016","Brock Osweiler","2016-09-18",2016,"KC",57.58,268,1,2,68.8,10.7,14,"KC",2016,11,85.89,11,2866,20,13,"61.86%"
"537","KC2016","Ben Roethlisberger","2016-10-02",2016,"KC",81.48,300,5,0,152.5,32,16.8,"KC",2016,11,85.89,11,2866,20,13,"61.86%"
"538","KC2016","Philip Rivers","2016-09-11",2016,"KC",69.44,243,1,0,97.3,13.7,15.1,"KC",2016,11,85.89,11,2866,20,13,"61.86%"
"539","KC2016","Drew Brees","2016-10-23",2016,"KC",77.08,367,3,1,110.3,24.7,16.7,"KC",2016,11,85.89,11,2866,20,13,"61.86%"
"540","KC2016","Derek Carr","2016-10-16",2016,"KC",64.71,225,1,1,81.1,11,14.2,"KC",2016,11,85.89,11,2866,20,13,"61.86%"
"541","KC2016","Ryan Fitzpatrick","2016-09-25",2016,"KC",45.45,188,0,6,18.2,-4.5,16,"KC",2016,11,85.89,11,2866,20,13,"61.86%"
"542","KC2016","Andrew Luck","2016-10-30",2016,"KC",54.29,210,2,1,79.5,14.4,16.2,"KC",2016,11,85.89,11,2866,20,13,"61.86%"
"569","LA2016","Russell Wilson","2016-09-18",2016,"LA",62.86,254,0,0,84.7,10.2,16.5,"LA",2016,11,92.1,20,2503,20,6,"64.34%"
"570","LA2016","Eli Manning","2016-10-23",2016,"LA",64.86,196,0,0,78.2,7.8,13.6,"LA",2016,11,92.1,20,2503,20,6,"64.34%"
"571","LA2016","Carson Palmer","2016-10-02",2016,"LA",63.89,288,1,1,86.3,13.5,16.2,"LA",2016,11,92.1,20,2503,20,6,"64.34%"
"572","LA2016","Blaine Gabbert","2016-09-12",2016,"LA",62.86,170,1,0,84.2,10.8,13.1,"LA",2016,11,92.1,20,2503,20,6,"64.34%"
"573","LA2016","Jameis Winston","2016-09-25",2016,"LA",62.07,405,3,1,93,26.2,14.9,"LA",2016,11,92.1,20,2503,20,6,"64.34%"
"574","LA2016","Tyrod Taylor","2016-10-09",2016,"LA",52.17,124,2,0,97,13,13.8,"LA",2016,11,92.1,20,2503,20,6,"64.34%"
"575","LA2016","Matthew Stafford","2016-10-16",2016,"LA",74.19,270,4,0,139.8,26.8,15.2,"LA",2016,11,92.1,20,2503,20,6,"64.34%"
"576","LA2016","Cam Newton","2016-11-06",2016,"LA",62.5,225,1,0,93.9,13,17.5,"LA",2016,11,92.1,20,2503,20,6,"64.34%"
"600","MIA2016","Russell Wilson","2016-09-11",2016,"MIA",62.79,258,1,1,77.5,12.3,19.9,"MIA",2016,11,83.78,7,2527,17,10,"60.93%"
"601","MIA2016","Ryan Fitzpatrick","2016-11-06",2016,"MIA",59.26,194,1,2,62.9,7.8,12.8,"MIA",2016,11,83.78,7,2527,17,10,"60.93%"
"602","MIA2016","Cody Kessler","2016-09-25",2016,"MIA",63.64,244,0,0,85.9,9.8,12,"MIA",2016,11,83.78,7,2527,17,10,"60.93%"
"603","MIA2016","Tyrod Taylor","2016-10-23",2016,"MIA",50,221,1,0,88.5,12.8,16.5,"MIA",2016,11,83.78,7,2527,17,10,"60.93%"
"604","MIA2016","Philip Rivers","2016-11-13",2016,"MIA",52.27,326,3,4,61.4,17,16.2,"MIA",2016,11,83.78,7,2527,17,10,"60.93%"
"605","MIA2016","Andy Dalton","2016-09-29",2016,"MIA",70.97,296,1,0,111.8,15.8,16.5,"MIA",2016,11,83.78,7,2527,17,10,"60.93%"
"606","MIA2016","Marcus Mariota","2016-10-09",2016,"MIA",68.97,163,3,0,117.5,18.5,12.9,"MIA",2016,11,83.78,7,2527,17,10,"60.93%"
"607","MIA2016","Ben Roethlisberger","2016-10-16",2016,"MIA",55.88,189,1,2,57.1,7.6,19.2,"MIA",2016,11,83.78,7,2527,17,10,"60.93%"
"634","MIN2016","Brock Osweiler","2016-10-09",2016,"MIN",45.24,184,1,1,56.1,9.4,12.6,"MIN",2016,11,72.02,2,2275,13,12,"57.88%"
"635","MIN2016","Carson Wentz","2016-10-23",2016,"MIN",57.14,138,1,2,52.4,5.5,13.1,"MIN",2016,11,72.02,2,2275,13,12,"57.88%"
"636","MIN2016","Kirk Cousins","2016-11-13",2016,"MIN",66.67,262,2,0,110.9,18.5,12.7,"MIN",2016,11,72.02,2,2275,13,12,"57.88%"
"637","MIN2016","Matthew Stafford","2016-11-06",2016,"MIN",63.89,219,2,1,87.6,14.8,14.4,"MIN",2016,11,72.02,2,2275,13,12,"57.88%"
"638","MIN2016","Cam Newton","2016-09-25",2016,"MIN",60,262,0,3,47.6,4.5,19.8,"MIN",2016,11,72.02,2,2275,13,12,"57.88%"
"639","MIN2016","Marcus Mariota","2016-09-11",2016,"MIN",60.98,271,2,1,86.5,16.8,13.4,"MIN",2016,11,72.02,2,2275,13,12,"57.88%"
"640","MIN2016","Aaron Rodgers","2016-09-18",2016,"MIN",55.56,213,1,1,70.7,10.5,17.5,"MIN",2016,11,72.02,2,2275,13,12,"57.88%"
"641","MIN2016","Eli Manning","2016-10-03",2016,"MIN",55.56,261,0,1,63.3,8.4,15,"MIN",2016,11,72.02,2,2275,13,12,"57.88%"
"642","MIN2016","Jay Cutler","2016-10-31",2016,"MIN",64.52,252,1,0,100.5,14.1,10.5,"MIN",2016,11,72.02,2,2275,13,12,"57.88%"
"668","NE2016","Carson Palmer","2016-09-11",2016,"NE",64.86,271,2,0,104.7,18.8,16.7,"NE",2016,11,90.35,15,2790,16,5,"62.80%"
"669","NE2016","Tyrod Taylor","2016-10-30",2016,"NE",50,183,0,0,63.8,7.3,14.1,"NE",2016,11,90.35,15,2790,16,5,"62.80%"
"670","NE2016","Brock Osweiler","2016-09-22",2016,"NE",58.54,196,0,1,60.6,5.8,14.7,"NE",2016,11,90.35,15,2790,16,5,"62.80%"
"671","NE2016","Russell Wilson","2016-11-13",2016,"NE",67.57,348,3,0,124.6,25.9,14,"NE",2016,11,90.35,15,2790,16,5,"62.80%"
"672","NE2016","Ryan Tannehill","2016-09-18",2016,"NE",71.11,387,2,2,93.5,19.5,14.5,"NE",2016,11,90.35,15,2790,16,5,"62.80%"
"673","NE2016","Tyrod Taylor","2016-10-02",2016,"NE",69.23,246,1,0,94.6,13.8,15.2,"NE",2016,11,90.35,15,2790,16,5,"62.80%"
"674","NE2016","Andy Dalton","2016-10-16",2016,"NE",67.74,254,1,0,103.4,14.2,13.9,"NE",2016,11,90.35,15,2790,16,5,"62.80%"
"675","NE2016","Cody Kessler","2016-10-09",2016,"NE",62.5,62,1,0,126,6.5,10.6,"NE",2016,11,90.35,15,2790,16,5,"62.80%"
"704","NO2016","Matt Ryan","2016-09-26",2016,"NO",66.67,240,2,0,113.2,17.6,18.3,"NO",2016,11,92.29,21,2985,17,7,"63.03%"
"705","NO2016","Alex Smith","2016-10-23",2016,"NO",70.83,214,2,0,126,16.6,17.2,"NO",2016,11,92.29,21,2985,17,7,"63.03%"
"706","NO2016","Philip Rivers","2016-10-02",2016,"NO",65.12,321,2,1,93.3,18.8,19.2,"NO",2016,11,92.29,21,2985,17,7,"63.03%"
"707","NO2016","Cam Newton","2016-10-16",2016,"NO",57.45,322,2,1,83.8,18.9,23.4,"NO",2016,11,92.29,21,2985,17,7,"63.03%"
"708","NO2016","Colin Kaepernick","2016-11-06",2016,"NO",61.54,398,2,1,102.3,21.9,15.6,"NO",2016,11,92.29,21,2985,17,7,"63.03%"
"709","NO2016","Trevor Siemian","2016-11-13",2016,"NO",62.5,258,2,2,76.9,14.3,13.2,"NO",2016,11,92.29,21,2985,17,7,"63.03%"
"710","NO2016","Derek Carr","2016-09-11",2016,"NO",63.16,319,1,0,98.5,16.8,18,"NO",2016,11,92.29,21,2985,17,7,"63.03%"
"711","NO2016","Russell Wilson","2016-10-30",2016,"NO",64.71,253,0,1,74.8,8.1,18.9,"NO",2016,11,92.29,21,2985,17,7,"63.03%"
"712","NO2016","Eli Manning","2016-09-18",2016,"NO",78.05,368,0,0,104.1,14.7,18.5,"NO",2016,11,92.29,21,2985,17,7,"63.03%"
"735","NYG2016","Kirk Cousins","2016-09-25",2016,"NYG",60,296,2,0,106.4,19.8,15.3,"NYG",2016,11,75.68,4,2912,10,10,"58.64%"
"736","NYG2016","Carson Wentz","2016-11-06",2016,"NYG",57.45,364,0,2,64.5,10.6,12.5,"NYG",2016,11,75.68,4,2912,10,10,"58.64%"
"737","NYG2016","Case Keenum","2016-10-23",2016,"NYG",60.38,291,1,4,50.1,7.6,9.8,"NYG",2016,11,75.68,4,2912,10,10,"58.64%"
"738","NYG2016","Drew Brees","2016-09-18",2016,"NYG",65.91,263,1,0,89.5,14.5,17.7,"NYG",2016,11,75.68,4,2912,10,10,"58.64%"
"739","NYG2016","Sam Bradford","2016-10-03",2016,"NYG",72.22,262,1,0,101.9,14.5,11.6,"NYG",2016,11,75.68,4,2912,10,10,"58.64%"
"740","NYG2016","Aaron Rodgers","2016-10-09",2016,"NYG",51.11,259,2,2,65,14.4,17,"NYG",2016,11,75.68,4,2912,10,10,"58.64%"
"741","NYG2016","Dak Prescott","2016-09-11",2016,"NYG",55.56,227,0,0,69.4,9.1,16.3,"NYG",2016,11,75.68,4,2912,10,10,"58.64%"
"742","NYG2016","Andy Dalton","2016-11-14",2016,"NYG",55.17,204,1,1,74.5,10.2,14.8,"NYG",2016,11,75.68,4,2912,10,10,"58.64%"
"743","NYG2016","Joe Flacco","2016-10-16",2016,"NYG",54.17,307,0,0,73.9,12.3,11.9,"NYG",2016,11,75.68,4,2912,10,10,"58.64%"
"769","NYJ2016","Case Keenum","2016-11-13",2016,"NYJ",56.67,165,0,0,72.2,6.6,10.9,"NYJ",2016,11,93.21,23,2891,18,6,"64.08%"
"770","NYJ2016","Joe Flacco","2016-10-23",2016,"NYJ",56.82,248,0,2,54,5.9,14.8,"NYJ",2016,11,93.21,23,2891,18,6,"64.08%"
"771","NYJ2016","Andy Dalton","2016-09-11",2016,"NYJ",76.67,366,1,1,114,16.6,14.5,"NYJ",2016,11,93.21,23,2891,18,6,"64.08%"
"772","NYJ2016","Russell Wilson","2016-10-02",2016,"NYJ",71.88,309,3,0,133.5,24.4,16.2,"NYJ",2016,11,93.21,23,2891,18,6,"64.08%"
"773","NYJ2016","Josh McCown","2016-10-30",2016,"NYJ",51.02,341,2,2,70.2,17.6,13.5,"NYJ",2016,11,93.21,23,2891,18,6,"64.08%"
"774","NYJ2016","Alex Smith","2016-09-25",2016,"NYJ",75.76,237,1,0,105.2,13.5,15.7,"NYJ",2016,11,93.21,23,2891,18,6,"64.08%"
"775","NYJ2016","Carson Palmer","2016-10-17",2016,"NYJ",67.65,213,1,0,94.4,12.5,16.9,"NYJ",2016,11,93.21,23,2891,18,6,"64.08%"
"776","NYJ2016","Ben Roethlisberger","2016-10-09",2016,"NYJ",72.34,380,4,0,124.4,31.2,18.1,"NYJ",2016,11,93.21,23,2891,18,6,"64.08%"
"777","NYJ2016","Tyrod Taylor","2016-09-15",2016,"NYJ",60,297,3,1,112.8,21.9,14.7,"NYJ",2016,11,93.21,23,2891,18,6,"64.08%"
"778","NYJ2016","Ryan Tannehill","2016-11-06",2016,"NYJ",60.71,149,1,0,86.8,10,13.5,"NYJ",2016,11,93.21,23,2891,18,6,"64.08%"
"804","OAK2016","Joe Flacco","2016-10-02",2016,"OAK",61.54,298,1,0,83.7,15.9,15.8,"OAK",2016,11,91.23,17,3008,20,10,"61.07%"
"805","OAK2016","Drew Brees","2016-09-11",2016,"OAK",66.67,423,4,0,131.3,32.9,17.5,"OAK",2016,11,91.23,17,3008,20,10,"61.07%"
"806","OAK2016","Marcus Mariota","2016-09-25",2016,"OAK",51.52,214,0,2,46.8,4.6,15.3,"OAK",2016,11,91.23,17,3008,20,10,"61.07%"
"807","OAK2016","Blake Bortles","2016-10-23",2016,"OAK",53.49,246,1,2,58.9,9.8,18.7,"OAK",2016,11,91.23,17,3008,20,10,"61.07%"
"808","OAK2016","Alex Smith","2016-10-16",2016,"OAK",86.36,224,0,0,109.1,9,17.9,"OAK",2016,11,91.23,17,3008,20,10,"61.07%"
"809","OAK2016","Trevor Siemian","2016-11-06",2016,"OAK",48.65,283,2,1,81.2,17.3,13.7,"OAK",2016,11,91.23,17,3008,20,10,"61.07%"
"810","OAK2016","Matt Ryan","2016-09-18",2016,"OAK",76.47,396,3,1,131.5,25.8,13.9,"OAK",2016,11,91.23,17,3008,20,10,"61.07%"
"811","OAK2016","Philip Rivers","2016-10-09",2016,"OAK",70,359,4,2,122.1,26.4,16.4,"OAK",2016,11,91.23,17,3008,20,10,"61.07%"
"812","OAK2016","Jameis Winston","2016-10-30",2016,"OAK",50,180,2,0,88,15.2,18.9,"OAK",2016,11,91.23,17,3008,20,10,"61.07%"
"837","PHI2016","Eli Manning","2016-11-06",2016,"PHI",61.11,257,4,2,96.6,22.3,11.2,"PHI",2016,11,85.44,9,2602,17,9,"59.63%"
"838","PHI2016","Matt Ryan","2016-11-13",2016,"PHI",54.55,267,1,1,78.7,12.7,15.1,"PHI",2016,11,85.44,9,2602,17,9,"59.63%"
"839","PHI2016","Ben Roethlisberger","2016-09-25",2016,"PHI",54.55,257,0,1,62.4,8.3,17.1,"PHI",2016,11,85.44,9,2602,17,9,"59.63%"
"840","PHI2016","Sam Bradford","2016-10-23",2016,"PHI",58.54,224,1,1,71.6,11,11.8,"PHI",2016,11,85.44,9,2602,17,9,"59.63%"
"841","PHI2016","Dak Prescott","2016-10-30",2016,"PHI",48.72,287,2,1,79.8,17.5,15.1,"PHI",2016,11,85.44,9,2602,17,9,"59.63%"
"842","PHI2016","Jay Cutler","2016-09-19",2016,"PHI",70.59,157,0,1,74.9,4.3,12.9,"PHI",2016,11,85.44,9,2602,17,9,"59.63%"
"843","PHI2016","Kirk Cousins","2016-10-16",2016,"PHI",52.94,263,2,1,85.8,16.5,14.2,"PHI",2016,11,85.44,9,2602,17,9,"59.63%"
"844","PHI2016","Brian Hoyer","2016-09-19",2016,"PHI",75,78,0,0,91.7,3.1,0,"PHI",2016,11,85.44,9,2602,17,9,"59.63%"
"845","PHI2016","Matthew Stafford","2016-10-09",2016,"PHI",76,180,3,0,135,19.2,15.5,"PHI",2016,11,85.44,9,2602,17,9,"59.63%"
"871","PIT2016","Ryan Fitzpatrick","2016-10-09",2016,"PIT",65.79,255,1,0,93.6,14.2,14.8,"PIT",2016,11,88.21,14,2898,13,7,"64.34%"
"872","PIT2016","Andy Dalton","2016-09-18",2016,"PIT",57.41,366,1,0,84.3,18.6,15.9,"PIT",2016,11,88.21,14,2898,13,7,"64.34%"
"873","PIT2016","Carson Wentz","2016-09-25",2016,"PIT",74.19,301,2,0,125.9,20,14.4,"PIT",2016,11,88.21,14,2898,13,7,"64.34%"
"874","PIT2016","Joe Flacco","2016-11-06",2016,"PIT",60,241,1,1,82.8,11.6,14.1,"PIT",2016,11,88.21,14,2898,13,7,"64.34%"
"875","PIT2016","Ryan Tannehill","2016-10-16",2016,"PIT",75,252,0,0,97.4,10.1,13.9,"PIT",2016,11,88.21,14,2898,13,7,"64.34%"
"876","PIT2016","Tom Brady","2016-10-23",2016,"PIT",73.08,222,2,0,124.2,16.9,19.5,"PIT",2016,11,88.21,14,2898,13,7,"64.34%"
"877","PIT2016","Alex Smith","2016-10-02",2016,"PIT",60,287,2,1,81,17.5,16.5,"PIT",2016,11,88.21,14,2898,13,7,"64.34%"
"878","PIT2016","Dak Prescott","2016-11-13",2016,"PIT",68.75,319,2,0,121.7,20.8,16.8,"PIT",2016,11,88.21,14,2898,13,7,"64.34%"
"879","PIT2016","Kirk Cousins","2016-09-12",2016,"PIT",69.77,329,0,2,72.7,9.2,17.4,"PIT",2016,11,88.21,14,2898,13,7,"64.34%"
"904","SD2016","Alex Smith","2016-09-11",2016,"SD",70.83,363,2,1,97.8,20.5,16.6,"SD",2016,11,81.83,6,2984,16,14,"62.93%"
"905","SD2016","Matt Ryan","2016-10-23",2016,"SD",64.71,273,1,1,87,12.9,19,"SD",2016,11,81.83,6,2984,16,14,"62.93%"
"906","SD2016","Marcus Mariota","2016-11-06",2016,"SD",62.79,313,3,2,88.6,20.5,15.1,"SD",2016,11,81.83,6,2984,16,14,"62.93%"
"907","SD2016","Ryan Tannehill","2016-11-13",2016,"SD",70.83,240,2,0,130.6,17.6,12,"SD",2016,11,81.83,6,2984,16,14,"62.93%"
"908","SD2016","Drew Brees","2016-10-02",2016,"SD",63.89,206,2,2,74.5,12.2,19.2,"SD",2016,11,81.83,6,2984,16,14,"62.93%"
"909","SD2016","Derek Carr","2016-10-09",2016,"SD",62.5,317,2,1,93.4,18.7,14.9,"SD",2016,11,81.83,6,2984,16,14,"62.93%"
"910","SD2016","Trevor Siemian","2016-10-30",2016,"SD",52.63,276,0,1,65.2,9,14,"SD",2016,11,81.83,6,2984,16,14,"62.93%"
"911","SD2016","Andrew Luck","2016-09-25",2016,"SD",64.86,331,1,1,91.2,15.2,18.1,"SD",2016,11,81.83,6,2984,16,14,"62.93%"
"912","SD2016","Trevor Siemian","2016-10-13",2016,"SD",60,230,1,0,77.9,13.2,15.4,"SD",2016,11,81.83,6,2984,16,14,"62.93%"
"913","SD2016","Blake Bortles","2016-09-18",2016,"SD",62,329,2,2,77.8,17.2,16.2,"SD",2016,11,81.83,6,2984,16,14,"62.93%"
"934","SEA2016","Ryan Tannehill","2016-09-11",2016,"SEA",55.17,186,0,0,74.8,7.4,11.3,"SEA",2016,11,79.61,5,2590,10,10,"62.78%"
"935","SEA2016","Case Keenum","2016-09-18",2016,"SEA",60,239,0,0,85.3,9.6,7.6,"SEA",2016,11,79.61,5,2590,10,10,"62.78%"
"936","SEA2016","Ryan Fitzpatrick","2016-10-02",2016,"SEA",56.1,261,1,3,53,8.4,12.5,"SEA",2016,11,79.61,5,2590,10,10,"62.78%"
"937","SEA2016","Tyrod Taylor","2016-11-07",2016,"SEA",71.05,289,1,1,90.8,13.6,12.7,"SEA",2016,11,79.61,5,2590,10,10,"62.78%"
"938","SEA2016","Blaine Gabbert","2016-09-25",2016,"SEA",56,119,0,1,51.9,2.8,11.4,"SEA",2016,11,79.61,5,2590,10,10,"62.78%"
"939","SEA2016","Matt Ryan","2016-10-16",2016,"SEA",64.29,335,3,1,102.8,23.4,13.5,"SEA",2016,11,79.61,5,2590,10,10,"62.78%"
"940","SEA2016","Carson Palmer","2016-10-23",2016,"SEA",59.18,342,0,0,80.5,13.7,13.4,"SEA",2016,11,79.61,5,2590,10,10,"62.78%"
"941","SEA2016","Tom Brady","2016-11-13",2016,"SEA",71.88,316,0,1,90.1,10.6,17,"SEA",2016,11,79.61,5,2590,10,10,"62.78%"
"942","SEA2016","Drew Brees","2016-10-30",2016,"SEA",77.14,265,1,0,107.4,14.6,17.1,"SEA",2016,11,79.61,5,2590,10,10,"62.78%"
"965","SF2016","Tyrod Taylor","2016-10-16",2016,"SF",64,179,2,0,111.9,15.2,15.8,"SF",2016,11,98.93,27,2779,26,7,"61.78%"
"966","SF2016","Drew Brees","2016-11-06",2016,"SF",71.79,323,3,0,122.1,24.9,19.8,"SF",2016,11,98.93,27,2779,26,7,"61.78%"
"967","SF2016","Cam Newton","2016-09-18",2016,"SF",60,353,4,1,111.8,28.1,21.6,"SF",2016,11,98.93,27,2779,26,7,"61.78%"
"968","SF2016","Case Keenum","2016-09-12",2016,"SF",48.57,130,0,2,34.2,1.2,10.6,"SF",2016,11,98.93,27,2779,26,7,"61.78%"
"969","SF2016","Russell Wilson","2016-09-25",2016,"SF",65.22,243,1,0,114.9,13.7,19.2,"SF",2016,11,98.93,27,2779,26,7,"61.78%"
"970","SF2016","Dak Prescott","2016-10-02",2016,"SF",71.88,245,2,0,114.7,17.8,15.3,"SF",2016,11,98.93,27,2779,26,7,"61.78%"
"971","SF2016","Carson Palmer","2016-11-13",2016,"SF",61.22,376,1,2,74.9,15,17.6,"SF",2016,11,98.93,27,2779,26,7,"61.78%"
"972","SF2016","Jameis Winston","2016-10-23",2016,"SF",70,269,3,1,117.2,20.8,15.8,"SF",2016,11,98.93,27,2779,26,7,"61.78%"
"996","TB2016","Trevor Siemian","2016-10-02",2016,"TB",71.43,68,1,0,141.7,6.7,13.6,"TB",2016,11,91.88,19,2788,20,9,"61.74%"
"997","TB2016","Case Keenum","2016-09-25",2016,"TB",53.85,190,2,1,87,13.6,10.1,"TB",2016,11,91.88,19,2788,20,9,"61.74%"
"998","TB2016","Jay Cutler","2016-11-13",2016,"TB",53.33,182,1,2,55.1,7.3,13.3,"TB",2016,11,91.88,19,2788,20,9,"61.74%"
"999","TB2016","Carson Palmer","2016-09-18",2016,"TB",56.67,304,3,0,124.9,24.2,16.7,"TB",2016,11,91.88,19,2788,20,9,"61.74%"
"1000","TB2016","Colin Kaepernick","2016-10-23",2016,"TB",47.06,143,1,1,56.4,7.7,15.5,"TB",2016,11,91.88,19,2788,20,9,"61.74%"
"1001","TB2016","Matt Ryan","2016-09-11",2016,"TB",69.23,334,2,0,112.6,21.4,14.8,"TB",2016,11,91.88,19,2788,20,9,"61.74%"
"1002","TB2016","Matt Ryan","2016-11-03",2016,"TB",73.53,344,4,0,144.7,29.8,17.3,"TB",2016,11,91.88,19,2788,20,9,"61.74%"
"1003","TB2016","Derek Carr","2016-10-30",2016,"TB",67.8,513,4,0,117.4,36.5,15.5,"TB",2016,11,91.88,19,2788,20,9,"61.74%"
"1030","TEN2016","Blake Bortles","2016-10-27",2016,"TEN",61.11,337,3,0,97.5,25.5,13.6,"TEN",2016,12,86.7,12,3244,21,11,"60.68%"
"1031","TEN2016","Philip Rivers","2016-11-06",2016,"TEN",72.73,275,2,0,117.6,19,15.1,"TEN",2016,12,86.7,12,3244,21,11,"60.68%"
"1032","TEN2016","Brock Osweiler","2016-10-02",2016,"TEN",67.57,254,2,2,82.5,14.2,13.2,"TEN",2016,12,86.7,12,3244,21,11,"60.68%"
"1033","TEN2016","Ryan Tannehill","2016-10-09",2016,"TEN",66.67,191,0,2,62.3,3.6,14.3,"TEN",2016,12,86.7,12,3244,21,11,"60.68%"
"1034","TEN2016","Derek Carr","2016-09-25",2016,"TEN",60,249,1,1,79.3,12,15.9,"TEN",2016,12,86.7,12,3244,21,11,"60.68%"
"1035","TEN2016","Aaron Rodgers","2016-11-13",2016,"TEN",60.78,371,2,2,79.8,18.8,19.5,"TEN",2016,12,86.7,12,3244,21,11,"60.68%"
"1036","TEN2016","Andrew Luck","2016-10-23",2016,"TEN",69.23,353,3,0,123.1,26.1,16.5,"TEN",2016,12,86.7,12,3244,21,11,"60.68%"
"1037","TEN2016","Matthew Stafford","2016-09-18",2016,"TEN",55,260,1,1,72.9,12.4,17.6,"TEN",2016,12,86.7,12,3244,21,11,"60.68%"
"1038","TEN2016","Cody Kessler","2016-10-16",2016,"TEN",63.41,336,2,0,105.3,21.4,9.2,"TEN",2016,12,86.7,12,3244,21,11,"60.68%"
"1062","WAS2016","Sam Bradford","2016-11-13",2016,"WAS",77.5,307,2,1,104.9,18.3,11.3,"WAS",2016,11,91.8,18,2782,14,7,"66.92%"
"1063","WAS2016","Eli Manning","2016-09-25",2016,"WAS",65.79,350,1,2,82.1,14,17,"WAS",2016,11,91.8,18,2782,14,7,"66.92%"
"1064","WAS2016","Cody Kessler","2016-10-02",2016,"WAS",70,223,1,1,81.6,10.9,12.8,"WAS",2016,11,91.8,18,2782,14,7,"66.92%"
"1065","WAS2016","Joe Flacco","2016-10-09",2016,"WAS",65.22,210,1,0,82.7,12.4,15.3,"WAS",2016,11,91.8,18,2782,14,7,"66.92%"
"1066","WAS2016","Dak Prescott","2016-09-18",2016,"WAS",73.33,292,0,0,103.7,11.7,13.5,"WAS",2016,11,91.8,18,2782,14,7,"66.92%"
"1067","WAS2016","Ben Roethlisberger","2016-09-12",2016,"WAS",72.97,300,3,1,112.4,22,17.9,"WAS",2016,11,91.8,18,2782,14,7,"66.92%"
"1068","WAS2016","Matthew Stafford","2016-10-23",2016,"WAS",62.07,266,1,0,103.5,14.6,17.4,"WAS",2016,11,91.8,18,2782,14,7,"66.92%"
"1069","WAS2016","Carson Wentz","2016-10-16",2016,"WAS",50,179,0,0,77.7,7.2,16.2,"WAS",2016,11,91.8,18,2782,14,7,"66.92%"
"1070","WAS2016","Andy Dalton","2016-10-30",2016,"WAS",64.29,284,1,1,81.8,13.4,14.9,"WAS",2016,11,91.8,18,2782,14,7,"66.92%"
